"","topic","term","beta"
"1",1,"benefit",0.0410958904109589
"2",1,"medic",0.0273972602739726
"3",1,"improv",0.0273972602739726
"4",1,"li",0.0273972602739726
"5",1,"determin",0.0136986301369863
"6",1,"time",0.0136986301369863
"7",1,"section",0.0136986301369863
"8",1,"enrolle",0.0136986301369863
"9",1,"drug",0.0136986301369863
"10",1,"pdp",0.0136986301369863
"11",1,"formulari",0.0136986301369863
"12",1,"cost",0.0136986301369863
"13",1,"annual",0.0136986301369863
"14",1,"base",0.0136986301369863
"15",1,"suppli",0.0136986301369863
"16",1,"enrol",0.0136986301369863
"17",1,"inform",0.0136986301369863
"18",1,"review",0.0136986301369863
"19",1,"tier",0.0136986301369863
"20",1,"statu",0.0136986301369863
"21",1,"polici",0.0136986301369863
"22",1,"updat",0.0136986301369863
"23",1,"costshar",0.0136986301369863
"24",1,"manag",0.0136986301369863
"25",1,"otc",0.0136986301369863
"26",1,"paramet",0.0136986301369863
"27",1,"mtm",0.0136986301369863
"28",1,"coverag",0.0136986301369863
"29",1,"refil",0.0136986301369863
"30",1,"therapi",0.0136986301369863
"31",1,"user",0.0136986301369863
"32",1,"util",0.0136986301369863
"33",1,"standard",0.0136986301369863
"34",1,"access",0.0136986301369863
"35",1,"control",0.0136986301369863
"36",1,"low",0.0136986301369863
"37",1,"immunosuppress",0.0136986301369863
"38",1,"coordin",0.0136986301369863
"39",1,"expand",0.0136986301369863
"40",1,"consent",0.0136986301369863
"41",1,"cob",0.0136986301369863
"42",1,"inhal",0.0136986301369863
"43",1,"mailord",0.0136986301369863
"44",1,"solicit",0.0136986301369863
"45",1,"specialti",0.0136986301369863
"46",1,"dme",0.0136986301369863
"47",1,"standalon",0.0136986301369863
"48",1,"durabl",0.0136986301369863
"49",1,"equip",0.0136986301369863
"50",1,"outofnetwork",0.0136986301369863
"51",1,"nondefin",0.0136986301369863
"52",1,"iii",0.0136986301369863
"53",1,"comments220",0.0136986301369863
"54",1,"composition198",0.0136986301369863
"55",1,"d193",0.0136986301369863
"56",1,"d202",0.0136986301369863
"57",1,"drugs217",0.0136986301369863
"58",1,"drugs218",0.0136986301369863
"59",1,"evidence218",0.0136986301369863
"60",1,"fee217",0.0136986301369863
"61",1,"only202",0.0136986301369863
"62",1,"plans197",0.0136986301369863
"63",1,"program196",0.0136986301369863
"64",1,"review198",0.0136986301369863
"65",1,"submissions193",0.0136986301369863
"66",1,"threshold197",0.0136986301369863
"67",1,"tiers201",0.0136986301369863
"68",1,"vaccines199",0.0136986301369863
"69",2,"model",0.0423280423280423
"70",2,"2015",0.0291005291005291
"71",2,"2019",0.0264550264550265
"72",2,"rxhcc",0.0264550264550265
"73",2,"factor",0.0238095238095238
"74",2,"risk",0.0238095238095238
"75",2,"benefit",0.0238095238095238
"76",2,"data",0.0185185185185185
"77",2,"adjust",0.0185185185185185
"78",2,"drug",0.0185185185185185
"79",2,"condit",0.0185185185185185
"80",2,"diagnos",0.0185185185185185
"81",2,"recalibr",0.0185185185185185
"82",3,"model",0.0693430656934306
"83",3,"test",0.0474452554744525
"84",3,"mtm",0.0291970802919708
"85",3,"enhanc",0.0255474452554744
"86",3,"particip",0.0218978102189781
"87",3,"cy",0.0182481751824818
"88",3,"design",0.0182481751824818
"89",3,"2019",0.0145985401459854
"90",3,"mao",0.0145985401459854
"91",3,"offer",0.0145985401459854
"92",3,"innov",0.0145985401459854
"93",4,"opioid",0.0606447968537161
"94",4,"edit",0.0303313641609647
"95",4,"mme",0.0218641980913012
"96",4,"sponsor",0.0181428075243471
"97",4,"om",0.0167111228912719
"98",4,"prescript",0.0154722608918617
"99",4,"drug",0.0139451162812773
"100",4,"dai",0.0119052981420633
"101",4,"hard",0.0118752517179817
"102",4,"implement",0.0118732686376969
"103",5,"measur",0.0569895742115263
"104",5,"rate",0.0395098040877498
"105",5,"contract",0.0250138984963863
"106",5,"data",0.0224118702308107
"107",5,"star",0.0188362241353343
"108",5,"score",0.0111437022585765
"109",5,"medic",0.0107164811689671
"110",5,"2019",0.0100905613376795
"111",5,"impact",0.00959290934968263
"112",5,"result",0.00812461955752401
"113",6,"ff",0.0443213296398892
"114",6,"uspcc",0.0387811634349031
"115",6,"servic",0.0277008310249308
"116",6,"mdpp",0.0277008310249308
"117",6,"current",0.0249307479224377
"118",6,"estim",0.0249307479224377
"119",6,"tabl",0.0221606648199446
"120",6,"percentag",0.0193905817174515
"121",6,"benefit",0.0193905817174515
"122",6,"cy",0.0193905817174515
"123",7,"opioid",0.0478733477705759
"124",7,"dai",0.0265623063780261
"125",7,"sponsor",0.0254975250705321
"126",7,"edit",0.0221648881086432
"127",7,"suppli",0.0173235341334011
"128",7,"prescript",0.0171378350265128
"129",7,"patient",0.0168057523095022
"130",7,"la",0.0147255883169011
"131",7,"prescrib",0.0139889866808567
"132",7,"mme",0.0136020811849441
"133",8,"tier",0.0701827332351705
"134",8,"drug",0.040104418991526
"135",8,"nonpref",0.0367623840755655
"136",8,"sponsor",0.0300783142436445
"137",8,"benefit",0.026736279327684
"138",8,"servic",0.0243528692221002
"139",8,"brand",0.0233942444117235
"140",8,"structur",0.0233942444117235
"141",8,"expect",0.020052209495763
"142",8,"costshar",0.020052209495763
"143",8,"outpati",0.020052209495763
"144",9,"provid",0.0737704918032787
"145",9,"pa",0.0737704918032787
"146",9,"request",0.0573770491803279
"147",9,"enrolle",0.0327868852459016
"148",9,"requir",0.0327868852459016
"149",9,"mao",0.0327868852459016
"150",9,"coverag",0.0327868852459016
"151",9,"prior",0.0245901639344262
"152",9,"author",0.0245901639344262
"153",9,"restrict",0.0245901639344262
"154",10,"fee",0.107142857142857
"155",10,"applic",0.0714285714285714
"156",10,"gap",0.0595238095238095
"157",10,"coverag",0.0595238095238095
"158",10,"dispens",0.0595238095238095
"159",10,"vaccin",0.0595238095238095
"160",10,"administr",0.0595238095238095
"161",10,"pai",0.0476190476190476
"162",10,"drug",0.0357142857142857
"163",10,"section",0.0238095238095238
"164",10,"percent",0.0238095238095238
"165",10,"polici",0.0238095238095238
"166",10,"phase",0.0238095238095238
"167",10,"discount",0.0238095238095238
"168",11,"frailti",0.0932642487046632
"169",11,"factor",0.0414507772020725
"170",11,"snp",0.0414507772020725
"171",11,"fide",0.0414507772020725
"172",11,"payment",0.0362694300518135
"173",11,"pace",0.0362694300518135
"174",11,"model",0.0310880829015544
"175",11,"2019",0.0259067357512953
"176",11,"score",0.0259067357512953
"177",11,"2018",0.0207253886010363
"178",11,"survei",0.0207253886010363
"179",12,"benefit",0.0729166666666667
"180",12,"manag",0.0520833333333333
"181",12,"target",0.0520833333333333
"182",12,"supplement",0.0520833333333333
"183",12,"edm",0.0520833333333333
"184",12,"special",0.0520833333333333
"185",12,"diseas",0.03125
"186",12,"enhanc",0.03125
"187",12,"csnp",0.03125
"188",12,"diseasescondit",0.03125
"189",13,"snp",0.125
"190",13,"program",0.0520833333333333
"191",13,"congress",0.0520833333333333
"192",13,"extend",0.0416666666666667
"193",13,"contract",0.03125
"194",13,"2019",0.03125
"195",13,"time",0.03125
"196",13,"cy",0.03125
"197",13,"action",0.03125
"198",13,"reauthor",0.03125
"199",14,"qmb",0.070631970260223
"200",14,"provid",0.0557620817843866
"201",14,"statu",0.033457249070632
"202",14,"inform",0.0297397769516729
"203",14,"bill",0.0260223048327138
"204",14,"enrolle",0.0185873605947955
"205",14,"includ",0.0148698884758364
"206",14,"program",0.0148698884758364
"207",14,"enrol",0.0148698884758364
"208",14,"coinsur",0.0148698884758364
"209",14,"deduct",0.0148698884758364
"210",14,"complaint",0.0148698884758364
"211",14,"educ",0.0148698884758364
"212",15,"tier",0.0694006309148265
"213",15,"costshar",0.0504731861198738
"214",15,"drug",0.0347003154574133
"215",15,"vaccin",0.0315457413249212
"216",15,"gener",0.028391167192429
"217",15,"threshold",0.0220820189274448
"218",15,"gap",0.0189274447949527
"219",15,"coverag",0.0189274447949527
"220",15,"cy",0.0157728706624606
"221",15,"select",0.0157728706624606
"222",15,"0",0.0157728706624606
"223",16,"cmp",0.04537335266301
"224",16,"transit",0.0363027323175934
"225",16,"icon",0.0317648907778942
"226",16,"enrol",0.0306682701038889
"227",16,"sponsor",0.0294410836583381
"228",16,"organ",0.0284188118680519
"229",16,"enrolle",0.0272405042253879
"230",16,"requir",0.0233685355949282
"231",16,"receiv",0.0226892076984959
"232",16,"deem",0.0226892076984959
"233",17,"increas",0.0349544072948328
"234",17,"percent",0.0334346504559271
"235",17,"drug",0.0319148936170213
"236",17,"percentag",0.0288753799392097
"237",17,"threshold",0.0288753799392097
"238",17,"annual",0.0273556231003039
"239",17,"benefit",0.0258358662613982
"240",17,"outofpocket",0.0258358662613982
"241",17,"beneficiari",0.0182370820668693
"242",17,"defin",0.0182370820668693
"243",18,"hra",0.0454545454545454
"244",18,"includ",0.0324675324675325
"245",18,"complet",0.0324675324675325
"246",18,"incent",0.0324675324675325
"247",18,"reward",0.0324675324675325
"248",18,"program",0.025974025974026
"249",18,"ri",0.025974025974026
"250",18,"enrolle",0.0194805194805195
"251",18,"assess",0.0194805194805195
"252",18,"healthcar",0.0194805194805195
"253",18,"activ",0.0194805194805195
"254",18,"promot",0.0194805194805195
"255",19,"im",0.0789473684210526
"256",19,"rate",0.0701754385964912
"257",19,"section",0.0526315789473684
"258",19,"amount",0.0526315789473684
"259",19,"2019",0.043859649122807
"260",19,"ff",0.0350877192982456
"261",19,"act",0.0350877192982456
"262",19,"calcul",0.0263157894736842
"263",19,"reduct",0.0263157894736842
"264",19,"counti",0.0263157894736842
"265",19,"phaseout",0.0263157894736842
"266",20,"integr",0.0536672629695886
"267",20,"dsnp",0.0447227191413238
"268",20,"model",0.0268336314847943
"269",20,"includ",0.0232558139534884
"270",20,"inform",0.0214669051878354
"271",20,"medicaid",0.0214669051878354
"272",20,"benefit",0.0196779964221825
"273",20,"provid",0.0178890876565295
"274",20,"mltss",0.0178890876565295
"275",20,"moc",0.0178890876565295
"276",21,"refil",0.0562770562770563
"277",21,"polici",0.0303030303030303
"278",21,"prior",0.0303030303030303
"279",21,"consent",0.0303030303030303
"280",21,"prescript",0.025974025974026
"281",21,"medic",0.0216450216450217
"282",21,"beneficiari",0.0216450216450217
"283",21,"modifi",0.0216450216450217
"284",21,"automat",0.0216450216450217
"285",21,"mailord",0.0216450216450217
"286",21,"ship",0.0216450216450217
"287",21,"unwant",0.0216450216450217
"288",22,"measur",0.044103755693061
"289",22,"rate",0.0306327431018087
"290",22,"data",0.0259306174838893
"291",22,"contract",0.0189927816334855
"292",22,"star",0.0164168651960098
"293",22,"propos",0.0161548985748301
"294",22,"includ",0.0150438046336599
"295",22,"medic",0.0109380274249582
"296",22,"provid",0.0109196074097714
"297",22,"receiv",0.0107523517482908
"298",23,"apm",0.0736543909348442
"299",23,"advanc",0.0594900849858357
"300",23,"payment",0.056657223796034
"301",23,"payer",0.0396600566572238
"302",23,"clinician",0.0254957507082153
"303",23,"particip",0.0254957507082153
"304",23,"2019",0.0226628895184136
"305",23,"arrang",0.0226628895184136
"306",23,"program",0.0198300283286119
"307",23,"elig",0.0198300283286119
"308",24,"pf",0.0298313878080415
"309",24,"mmp",0.0278858625162127
"310",24,"pde",0.0265888456549935
"311",24,"price",0.0233463035019455
"312",24,"cost",0.0214007782101167
"313",24,"claim",0.0181582360570687
"314",24,"pbp",0.0175097276264591
"315",24,"file",0.0168612191958496
"316",24,"accuraci",0.0168612191958496
"317",24,"contract",0.0155642023346304
"318",25,"cost",0.150943396226415
"319",25,"threshold",0.0754716981132075
"320",25,"limit",0.0754716981132075
"321",25,"updat",0.0566037735849056
"322",25,"drug",0.0377358490566038
"323",25,"multipl",0.0377358490566038
"324",25,"defin",0.0377358490566038
"325",25,"round",0.0377358490566038
"326",25,"nearest",0.0377358490566038
"327",25,"retire",0.0377358490566038
"328",26,"percentag",0.0523474334395254
"329",26,"rate",0.041762785975678
"330",26,"counti",0.0373368530827102
"331",26,"applic",0.0356895310030253
"332",26,"section",0.0329805020524823
"333",26,"contract",0.0270319085407948
"334",26,"act",0.024492082139986
"335",26,"qbp",0.0244095549616057
"336",26,"2019",0.0240436207481233
"337",26,"amount",0.0201371007204557
"338",27,"egwp",0.0453257790368272
"339",27,"payment",0.0368271954674221
"340",27,"bid",0.0330500472143532
"341",27,"2019",0.028328611898017
"342",27,"amount",0.028328611898017
"343",27,"rate",0.0236071765816808
"344",27,"2018",0.0236071765816808
"345",27,"ratio",0.0236071765816808
"346",27,"counti",0.0217186024551464
"347",27,"individu",0.0198300283286119
"348",28,"audit",0.0657126216243404
"349",28,"sponsor",0.0600763676375272
"350",28,"program",0.0571414101081221
"351",28,"organ",0.054959036989036
"352",28,"correct",0.0437012325795776
"353",28,"complianc",0.0361568682972423
"354",28,"requir",0.0264162832841913
"355",28,"perform",0.0142853525270305
"356",28,"effect",0.0142853525270305
"357",28,"annual",0.0114282820216244
"358",28,"cpe",0.0114282820216244
"359",28,"intern",0.0114282820216244
"360",29,"audit",0.0901328273244782
"361",29,"valid",0.0455407969639469
"362",29,"independ",0.0379506641366224
"363",29,"sponsor",0.0360531309297913
"364",29,"organ",0.0360531309297913
"365",29,"requir",0.0275142314990512
"366",29,"program",0.0246679316888046
"367",29,"firm",0.0227703984819734
"368",29,"condit",0.0199240986717268
"369",29,"report",0.0161290322580645
"370",30,"cost",0.176776142372909
"371",30,"requir",0.0637359368568401
"372",30,"contract",0.0627263665802394
"373",30,"macra",0.0542888562779523
"374",30,"competit",0.046520563732992
"375",30,"section",0.0382432786812036
"376",30,"nonrenew",0.0372164509863384
"377",30,"servic",0.0279123382397969
"378",30,"enrolle",0.0278847509569993
"379",30,"2019",0.0252203276917665
"380",31,"formulari",0.0482362516912894
"381",31,"file",0.0454832334693234
"382",31,"submiss",0.0443430549934296
"383",31,"drug",0.0320396950387171
"384",31,"window",0.027881912125182
"385",31,"summer",0.0241696793235566
"386",31,"frf",0.0231476970731182
"387",31,"sponsor",0.0226131650715661
"388",31,"hpm",0.018806883956736
"389",31,"releas",0.018162876157655
"390",32,"cost",0.0909090909090909
"391",32,"annual",0.0909090909090909
"392",32,"threshold",0.0779220779220779
"393",32,"drug",0.0519480519480519
"394",32,"mtm",0.0519480519480519
"395",32,"program",0.038961038961039
"396",32,"2019",0.025974025974026
"397",32,"2018",0.025974025974026
"398",32,"increas",0.025974025974026
"399",32,"multipl",0.025974025974026
"400",32,"target",0.025974025974026
"401",32,"api",0.025974025974026
"402",32,"meet",0.025974025974026
"403",32,"42",0.025974025974026
"404",32,"cfr",0.025974025974026
"405",33,"cost",0.0454545454545455
"406",33,"special",0.0303030303030303
"407",33,"share",0.0227272727272727
"408",33,"beneficiari",0.0227272727272727
"409",33,"servic",0.0151515151515152
"410",33,"diseas",0.0151515151515152
"411",33,"supplement",0.0151515151515152
"412",33,"data",0.00757575757575758
"413",33,"2019",0.00757575757575758
"414",33,"medic",0.00757575757575758
"415",33,"risk",0.00757575757575758
"416",33,"section",0.00757575757575758
"417",33,"individu",0.00757575757575758
"418",33,"bid",0.00757575757575758
"419",33,"assess",0.00757575757575758
"420",33,"integr",0.00757575757575758
"421",33,"improv",0.00757575757575758
"422",33,"program",0.00757575757575758
"423",33,"moop",0.00757575757575758
"424",33,"complet",0.00757575757575758
"425",33,"enrol",0.00757575757575758
"426",33,"total",0.00757575757575758
"427",33,"dsnp",0.00757575757575758
"428",33,"month",0.00757575757575758
"429",33,"tier",0.00757575757575758
"430",33,"elig",0.00757575757575758
"431",33,"benefit",0.00757575757575758
"432",33,"pmpm",0.00757575757575758
"433",33,"duplic",0.00757575757575758
"434",33,"qmb",0.00757575757575758
"435",33,"qualifi",0.00757575757575758
"436",33,"outofpocket",0.00757575757575758
"437",33,"reduc",0.00757575757575758
"438",33,"costshar",0.00757575757575758
"439",33,"manag",0.00757575757575758
"440",33,"cy",0.00757575757575758
"441",33,"encount",0.00757575757575758
"442",33,"enhanc",0.00757575757575758
"443",33,"complianc",0.00757575757575758
"444",33,"coverag",0.00757575757575758
"445",33,"monitor",0.00757575757575758
"446",33,"relat",0.00757575757575758
"447",33,"snp",0.00757575757575758
"448",33,"therapi",0.00757575757575758
"449",33,"transit",0.00757575757575758
"450",33,"mdpp",0.00757575757575758
"451",33,"low",0.00757575757575758
"452",33,"differ",0.00757575757575758
"453",33,"diabet",0.00757575757575758
"454",33,"segment",0.00757575757575758
"455",33,"waiver",0.00757575757575758
"456",33,"burden",0.00757575757575758
"457",33,"timeli",0.00757575757575758
"458",33,"commun",0.00757575757575758
"459",33,"prior",0.00757575757575758
"460",33,"option",0.00757575757575758
"461",33,"prevent",0.00757575757575758
"462",33,"forum",0.00757575757575758
"463",33,"actuari",0.00757575757575758
"464",33,"equival",0.00757575757575758
"465",33,"author",0.00757575757575758
"466",33,"network",0.00757575757575758
"467",33,"research",0.00757575757575758
"468",33,"listen",0.00757575757575758
"469",33,"outpati",0.00757575757575758
"470",33,"maximum",0.00757575757575758
"471",33,"substanti",0.00757575757575758
"472",33,"edm",0.00757575757575758
"473",33,"uniform",0.00757575757575758
"474",33,"observ",0.00757575757575758
"475",33,"incent",0.00757575757575758
"476",33,"reward",0.00757575757575758
"477",33,"set",0.00757575757575758
"478",33,"competit",0.00757575757575758
"479",33,"dual",0.00757575757575758
"480",33,"meaning",0.00757575757575758
"481",33,"employ",0.00757575757575758
"482",33,"exercis",0.00757575757575758
"483",33,"arteri",0.00757575757575758
"484",33,"peripher",0.00757575757575758
"485",33,"supervis",0.00757575757575758
"486",33,"symptomat",0.00757575757575758
"487",33,"ae",0.00757575757575758
"488",33,"snpspecif",0.00757575757575758
"489",33,"institut",0.00757575757575758
"490",33,"legisl",0.00757575757575758
"491",33,"ii",0.00757575757575758
"492",33,"transpar",0.00757575757575758
"493",33,"activities191",0.00757575757575758
"494",33,"benefits180",0.00757575757575758
"495",33,"benefits181",0.00757575757575758
"496",33,"benefits182",0.00757575757575758
"497",33,"c168",0.00757575757575758
"498",33,"clarification185",0.00757575757575758
"499",33,"development185",0.00757575757575758
"500",33,"dsnps187",0.00757575757575758
"501",33,"enrollment170",0.00757575757575758
"502",33,"flexibility184",0.00757575757575758
"503",33,"hra186",0.00757575757575758
"504",33,"isnps183",0.00757575757575758
"505",33,"limits174",0.00757575757575758
"506",33,"limits175",0.00757575757575758
"507",33,"macra186",0.00757575757575758
"508",33,"offerings170",0.00757575757575758
"509",33,"options185",0.00757575757575758
"510",33,"overview",0.00757575757575758
"511",33,"pad182",0.00757575757575758
"512",33,"plans181",0.00757575757575758
"513",33,"processes193",0.00757575757575758
"514",33,"program190",0.00757575757575758
"515",33,"provision168",0.00757575757575758
"516",33,"requirements187",0.00757575757575758
"517",33,"review168",0.00757575757575758
"518",33,"services182",0.00757575757575758
"519",33,"standards176",0.00757575757575758
"520",33,"sunset",0.00757575757575758
"521",33,"tbc171",0.00757575757575758
"522",34,"methodologi",0.0985915492957747
"523",34,"discuss",0.0563380281690141
"524",34,"rate",0.0422535211267606
"525",34,"adjust",0.0422535211267606
"526",34,"2019",0.0422535211267606
"527",34,"payment",0.0422535211267606
"528",34,"found",0.0422535211267606
"529",34,"code",0.0422535211267606
"530",34,"announc",0.0422535211267606
"531",34,"report",0.028169014084507
"532",34,"factor",0.028169014084507
"533",34,"final",0.028169014084507
"534",34,"advanc",0.028169014084507
"535",34,"notic",0.028169014084507
"536",34,"pattern",0.028169014084507
"537",35,"integr",0.124079697310115
"538",35,"inform",0.118574000802064
"539",35,"immunosuppress",0.106099939873603
"540",35,"cover",0.0538642784936135
"541",35,"align",0.0527503166668825
"542",35,"commun",0.0465914261487774
"543",35,"statement",0.0347668746606081
"544",35,"provid",0.031803145072278
"545",35,"medic",0.0303513187141382
"546",35,"receiv",0.0247990223216898
"547",36,"drug",0.0928270042194093
"548",36,"coverag",0.050632911392405
"549",36,"applic",0.0464135021097046
"550",36,"costshar",0.0421940928270042
"551",36,"gap",0.0379746835443038
"552",36,"section",0.029535864978903
"553",36,"cover",0.029535864978903
"554",36,"percent",0.0253164556962025
"555",36,"reduc",0.0210970464135021
"556",36,"nonapplic",0.0210970464135021
"557",37,"benefit",0.0464135021097046
"558",37,"enrolle",0.0379746835443038
"559",37,"servic",0.0253164556962025
"560",37,"condit",0.0253164556962025
"561",37,"section",0.0210970464135021
"562",37,"requir",0.0210970464135021
"563",37,"cost",0.0210970464135021
"564",37,"target",0.0210970464135021
"565",37,"uniform",0.0210970464135021
"566",37,"specif",0.0168776371308017
"567",37,"supplement",0.0168776371308017
"568",37,"offer",0.0168776371308017
"569",37,"flexibl",0.0168776371308017
"570",38,"tier",0.0857142857142857
"571",38,"threshold",0.0571428571428571
"572",38,"specialti",0.0571428571428571
"573",38,"670",0.0428571428571429
"574",38,"drug",0.0285714285714286
"575",38,"cy",0.0285714285714286
"576",38,"analysi",0.0285714285714286
"577",38,"fill",0.0285714285714286
"578",38,"exce",0.0285714285714286
"579",38,"data",0.0142857142857143
"580",38,"2019",0.0142857142857143
"581",38,"sponsor",0.0142857142857143
"582",38,"prescript",0.0142857142857143
"583",38,"determin",0.0142857142857143
"584",38,"result",0.0142857142857143
"585",38,"pde",0.0142857142857143
"586",38,"section",0.0142857142857143
"587",38,"perform",0.0142857142857143
"588",38,"price",0.0142857142857143
"589",38,"increas",0.0142857142857143
"590",38,"formulari",0.0142857142857143
"591",38,"cost",0.0142857142857143
"592",38,"1",0.0142857142857143
"593",38,"identifi",0.0142857142857143
"594",38,"2017",0.0142857142857143
"595",38,"continu",0.0142857142857143
"596",38,"trend",0.0142857142857143
"597",38,"30",0.0142857142857143
"598",38,"current",0.0142857142857143
"599",38,"futur",0.0142857142857143
"600",38,"process",0.0142857142857143
"601",38,"monitor",0.0142857142857143
"602",38,"uniqu",0.0142857142857143
"603",38,"except",0.0142857142857143
"604",38,"item",0.0142857142857143
"605",38,"util",0.0142857142857143
"606",38,"event",0.0142857142857143
"607",38,"establish",0.0142857142857143
"608",38,"similar",0.0142857142857143
"609",38,"monthli",0.0142857142857143
"610",38,"42",0.0142857142857143
"611",38,"cfr",0.0142857142857143
"612",38,"maintain",0.0142857142857143
"613",38,"exceed",0.0142857142857143
"614",38,"past",0.0142857142857143
"615",38,"exempt",0.0142857142857143
"616",38,"iii",0.0142857142857143
"617",38,"423578",0.0142857142857143
"618",38,"a7",0.0142857142857143
"619",38,"dayequival",0.0142857142857143
"620",38,"dollarpermonth",0.0142857142857143
"621",38,"sponsornegoti",0.0142857142857143
"622",39,"segment",0.147540983606557
"623",39,"benefit",0.0819672131147541
"624",39,"cost",0.0491803278688525
"625",39,"servic",0.0491803278688525
"626",39,"share",0.0491803278688525
"627",39,"premium",0.0491803278688525
"628",39,"regul",0.0491803278688525
"629",39,"section",0.0327868852459016
"630",39,"act",0.0327868852459016
"631",39,"supplement",0.0327868852459016
"632",39,"defin",0.0327868852459016
"633",39,"offer",0.0327868852459016
"634",39,"vari",0.0327868852459016
"635",39,"422262c2",0.0327868852459016
"636",40,"la",0.0316431388918763
"637",40,"includ",0.0244004607419046
"638",40,"measur",0.0235216036705433
"639",40,"sponsor",0.0221542124810504
"640",40,"enrolle",0.0210393623134626
"641",40,"opioid",0.0205190317730432
"642",40,"2019",0.0201434790145751
"643",40,"patient",0.0185950239381831
"644",40,"prescript",0.0183290127671806
"645",40,"section",0.015769915644605
"646",41,"enrol",0.0376175548589342
"647",41,"low",0.0313479623824452
"648",41,"2019",0.0219435736677116
"649",41,"organ",0.0188087774294671
"650",41,"enrolle",0.0156739811912226
"651",41,"annual",0.0156739811912226
"652",41,"date",0.0156739811912226
"653",41,"costbas",0.0156739811912226
"654",41,"includ",0.0125391849529781
"655",41,"mmp",0.0125391849529781
"656",41,"section",0.0125391849529781
"657",41,"pdp",0.0125391849529781
"658",41,"requir",0.0125391849529781
"659",41,"mapd",0.0125391849529781
"660",41,"mao",0.0125391849529781
"661",41,"cy",0.0125391849529781
"662",41,"deadlin",0.0125391849529781
"663",41,"option",0.0125391849529781
"664",41,"offer",0.0125391849529781
"665",41,"renew",0.0125391849529781
"666",42,"2018",0.0411612090311192
"667",42,"april",0.0376399355149981
"668",42,"comment",0.0376399331260054
"669",42,"model",0.0370194857232813
"670",42,"2019",0.0369893568665529
"671",42,"submit",0.0250931981468749
"672",42,"adjust",0.025091380252646
"673",42,"card",0.0188199677574991
"674",42,"hicn",0.0188199677574991
"675",42,"mbi",0.0188199677574991
"676",43,"adjust",0.0411181511398751
"677",43,"ff",0.0346045388169193
"678",43,"claim",0.0273937628752326
"679",43,"counti",0.0255158886074321
"680",43,"payment",0.022828274707051
"681",43,"rate",0.0215188964405273
"682",43,"cost",0.0208656391127398
"683",43,"2018",0.016299521685706
"684",43,"dod",0.0143935781888078
"685",43,"enrol",0.0130710305561156
"686",44,"benefit",0.0619454489624654
"687",44,"supplement",0.0402645418256025
"688",44,"servic",0.034069996929356
"689",44,"item",0.034069996929356
"690",44,"directori",0.0185836346887396
"691",44,"relat",0.0154863622406164
"692",44,"action",0.0154863622406164
"693",44,"healthcar",0.0154863622406164
"694",44,"enforc",0.0154863622406164
"695",44,"injuri",0.0154863622406164
"696",45,"trial",0.0848329048843188
"697",45,"clinic",0.0822622107969152
"698",45,"mao",0.0488431876606684
"699",45,"servic",0.0437017994858612
"700",45,"cost",0.0411311053984576
"701",45,"enrolle",0.0359897172236504
"702",45,"share",0.0308483290488432
"703",45,"coverag",0.0282776349614396
"704",45,"ncd",0.025706940874036
"705",45,"requir",0.0231362467866324
"706",46,"data",0.0689655172413793
"707",46,"encount",0.053639846743295
"708",46,"perform",0.0268199233716475
"709",46,"forum",0.0268199233716475
"710",46,"submit",0.0229885057471264
"711",46,"feedback",0.0229885057471264
"712",46,"monitor",0.0229885057471264
"713",46,"listen",0.0229885057471264
"714",46,"organ",0.0191570881226054
"715",46,"complet",0.0191570881226054
"716",46,"submiss",0.0191570881226054
"717",46,"complianc",0.0191570881226054
"718",46,"record",0.0191570881226054
"719",47,"sponsor",0.0506329113924051
"720",47,"updat",0.0506329113924051
"721",47,"costshar",0.0506329113924051
"722",47,"evid",0.0506329113924051
"723",47,"polici",0.0379746835443038
"724",47,"prescript",0.0253164556962025
"725",47,"time",0.0253164556962025
"726",47,"section",0.0253164556962025
"727",47,"individu",0.0253164556962025
"728",47,"statu",0.0253164556962025
"729",47,"elig",0.0253164556962025
"730",47,"benefit",0.0253164556962025
"731",47,"system",0.0253164556962025
"732",47,"level",0.0253164556962025
"733",47,"li",0.0253164556962025
"734",47,"incorrect",0.0253164556962025
"735",48,"measur",0.0747859273810604
"736",48,"rate",0.0498653896884172
"737",48,"star",0.0420466175150104
"738",48,"contract",0.0165243845473986
"739",48,"data",0.0153511698625212
"740",48,"adjust",0.0131645102494907
"741",48,"audit",0.0119534903176887
"742",48,"appeal",0.01090410605119
"743",48,"propos",0.0101334355263162
"744",48,"medic",0.00939185087275041
"745",49,"benefit",0.0431654676258993
"746",49,"2019",0.0287769784172662
"747",49,"supplement",0.0287769784172662
"748",49,"differ",0.0287769784172662
"749",49,"bid",0.0215827338129497
"750",49,"cost",0.0215827338129497
"751",49,"program",0.0215827338129497
"752",49,"cy",0.0215827338129497
"753",49,"option",0.0215827338129497
"754",49,"offer",0.0215827338129497
"755",49,"meaning",0.0215827338129497
"756",50,"cy",0.0666666666666667
"757",50,"employ",0.0666666666666667
"758",50,"2019",0.0444444444444445
"759",50,"section",0.0444444444444445
"760",50,"organ",0.0444444444444445
"761",50,"requir",0.0444444444444445
"762",50,"pbp",0.0444444444444445
"763",50,"complet",0.0444444444444445
"764",50,"submit",0.0444444444444445
"765",50,"month",0.0444444444444445
"766",50,"project",0.0444444444444445
"767",51,"increas",0.0391491889958193
"768",51,"cpi",0.0343256681144223
"769",51,"percentag",0.033975829911197
"770",51,"annual",0.0330934436077796
"771",51,"juli",0.0232260491507061
"772",51,"drug",0.0230804505459424
"773",51,"septemb",0.0203316429781934
"774",51,"2017",0.019479275876299
"775",51,"paramet",0.0166754689755941
"776",51,"percent",0.016452325806614
"777",52,"measur",0.0525086415307968
"778",52,"rate",0.0364843837195158
"779",52,"contract",0.0260922268560246
"780",52,"star",0.0156395226753811
"781",52,"2019",0.0127060774585591
"782",52,"adjust",0.0108194106727603
"783",52,"score",0.00994440251404487
"784",52,"receiv",0.00915114282894989
"785",52,"displai",0.00876295905572326
"786",52,"opioid",0.00856848648957672
"787",53,"section",0.0693069306930693
"788",53,"network",0.0594059405940594
"789",53,"rate",0.0396039603960396
"790",53,"pff",0.0396039603960396
"791",53,"contract",0.0297029702970297
"792",53,"provid",0.0297029702970297
"793",53,"payment",0.0297029702970297
"794",53,"act",0.0297029702970297
"795",53,"2020",0.0297029702970297
"796",53,"defin",0.0297029702970297
"797",53,"standard",0.0297029702970297
"798",53,"access",0.0297029702970297
"799",53,"meet",0.0297029702970297
"800",53,"announc",0.0297029702970297
"801",54,"esrd",0.0567857807746264
"802",54,"dialysi",0.0324490175869725
"803",54,"adjust",0.0290117541721548
"804",54,"fy",0.0290017603062411
"805",54,"2019",0.0248680056441522
"806",54,"claim",0.0248630270685174
"807",54,"rate",0.0207237284704759
"808",54,"ff",0.0207201866511905
"809",54,"payment",0.0207183276140916
"810",54,"cost",0.0207175522405415
"811",55,"snp",0.0714285714285714
"812",55,"network",0.0714285714285714
"813",55,"adequaci",0.0535714285714286
"814",55,"snpspecif",0.0535714285714286
"815",55,"continu",0.0357142857142857
"816",55,"develop",0.0357142857142857
"817",55,"evalu",0.0357142857142857
"818",55,"includ",0.0178571428571428
"819",55,"2018",0.0178571428571428
"820",55,"section",0.0178571428571428
"821",55,"final",0.0178571428571428
"822",55,"enrol",0.0178571428571428
"823",55,"dsnp",0.0178571428571428
"824",55,"forward",0.0178571428571428
"825",55,"feedback",0.0178571428571428
"826",55,"elig",0.0178571428571428
"827",55,"condit",0.0178571428571428
"828",55,"request",0.0178571428571428
"829",55,"criteria",0.0178571428571428
"830",55,"current",0.0178571428571428
"831",55,"letter",0.0178571428571428
"832",55,"call",0.0178571428571428
"833",55,"cy",0.0178571428571428
"834",55,"process",0.0178571428571428
"835",55,"chronic",0.0178571428571428
"836",55,"stakehold",0.0178571428571428
"837",55,"uniqu",0.0178571428571428
"838",55,"except",0.0178571428571428
"839",55,"account",0.0178571428571428
"840",55,"healthcar",0.0178571428571428
"841",55,"examin",0.0178571428571428
"842",55,"research",0.0178571428571428
"843",55,"announc",0.0178571428571428
"844",55,"special",0.0178571428571428
"845",55,"dual",0.0178571428571428
"846",55,"move",0.0178571428571428
"847",55,"deliveri",0.0178571428571428
"848",55,"pattern",0.0178571428571428
"849",55,"csnp",0.0178571428571428
"850",55,"institut",0.0178571428571428
"851",55,"ii",0.0178571428571428
"852",55,"believ",0.0178571428571428
"853",55,"isnp",0.0178571428571428
"854",56,"tbc",0.0526315789473684
"855",56,"pmpm",0.0300751879699248
"856",56,"adjust",0.0270676691729323
"857",56,"chang",0.0270676691729323
"858",56,"increas",0.0225563909774436
"859",56,"cy",0.0225563909774436
"860",56,"2019",0.0195488721804511
"861",56,"payment",0.0195488721804511
"862",56,"cost",0.0195488721804511
"863",56,"benefit",0.0195488721804511
"864",57,"model",0.0543175487465181
"865",57,"esrd",0.0487465181058496
"866",57,"transplant",0.0362116991643454
"867",57,"dialysi",0.032033426183844
"868",57,"statu",0.0292479108635098
"869",57,"factor",0.0264623955431755
"870",57,"month",0.0264623955431755
"871",57,"payment",0.020891364902507
"872",57,"popul",0.0194986072423398
"873",57,"postgraft",0.0194986072423398
"874",58,"file",0.0566479949673649
"875",58,"formulari",0.0425698864029381
"876",58,"drug",0.0425310895527004
"877",58,"sponsor",0.0382775026080386
"878",58,"frf",0.0377231872183388
"879",58,"2019",0.0333444489674209
"880",58,"updat",0.0207880667563952
"881",58,"util",0.0191779864157304
"882",58,"cy",0.0176224069986953
"883",58,"otc",0.0169772740596378
"884",59,"otc",0.0993377483443709
"885",59,"sponsor",0.0397350993377483
"886",59,"drug",0.0397350993377483
"887",59,"program",0.0264900662251656
"888",59,"polici",0.0264900662251656
"889",59,"offer",0.0264900662251656
"890",59,"includ",0.0198675496688742
"891",59,"provid",0.0198675496688742
"892",59,"addit",0.0198675496688742
"893",59,"benefit",0.0198675496688742
"894",59,"current",0.0198675496688742
"895",59,"product",0.0198675496688742
"896",60,"measur",0.0514259305287494
"897",60,"contract",0.0454902211543886
"898",60,"rate",0.0246468022502105
"899",60,"star",0.0245316063085349
"900",60,"data",0.0217208311094169
"901",60,"ir",0.0120128948036984
"902",60,"2019",0.011417391788118
"903",60,"adjust",0.00874979444348919
"904",60,"error",0.00824389746447844
"905",60,"determin",0.00811614727405721
"906",61,"risk",0.102009767291751
"907",61,"calcul",0.084229975144501
"908",61,"score",0.084229975144501
"909",61,"data",0.0734146951930279
"910",61,"ff",0.0536008932737734
"911",61,"encount",0.0536008932737734
"912",61,"diagnos",0.0536008932737734
"913",61,"rap",0.0459436228060915
"914",61,"2019",0.0390804541247411
"915",61,"py",0.0382863523384096
"916",62,"esrd",0.0338983050847458
"917",62,"factor",0.0300462249614792
"918",62,"rel",0.0261941448382127
"919",62,"model",0.024653312788906
"920",62,"hcc",0.0223420647149461
"921",62,"tabl",0.0208012326656395
"922",62,"month",0.0169491525423729
"923",62,"denomin",0.0154083204930663
"924",62,"enrolle",0.0154083204930663
"925",62,"drug",0.0154083204930663
"926",62,"transplant",0.0154083204930663
"927",63,"percentag",0.0794879131628303
"928",63,"counti",0.0491803046173467
"929",63,"rate",0.0452369586160704
"930",63,"section",0.0445175532392717
"931",63,"2018",0.0402557597573429
"932",63,"bonu",0.0322527268592211
"933",63,"determin",0.0252249920452844
"934",63,"period",0.0236808566660122
"935",63,"applic",0.0224228351140197
"936",63,"cost",0.0214363194674611
"937",64,"requir",0.148256988022473
"938",64,"criteria",0.133684176551514
"939",64,"provid",0.100051772432177
"940",64,"beneficiari",0.0668422640309438
"941",64,"applic",0.0645994409641678
"942",64,"benefit",0.0543236943489362
"943",64,"standard",0.0506987039653921
"944",64,"mao",0.0486085222090028
"945",64,"appli",0.0409619956735384
"946",64,"final",0.0334211311273722
"947",65,"2018",0.108152744715088
"948",65,"2019",0.0499420385860833
"949",65,"benefit",0.0364506214294765
"950",65,"data",0.035827830279311
"951",65,"calcul",0.0320239859636466
"952",65,"drug",0.0245575783520258
"953",65,"revis",0.0189127071464856
"954",65,"percentag",0.0187577130347146
"955",65,"annual",0.0170842381484254
"956",65,"note",0.016726512572438
"957",66,"letter",0.034965034965035
"958",66,"call",0.034965034965035
"959",66,"cy",0.034965034965035
"960",66,"egwp",0.027972027972028
"961",66,"reinsur",0.027972027972028
"962",66,"2019",0.020979020979021
"963",66,"sponsor",0.020979020979021
"964",66,"payment",0.020979020979021
"965",66,"amount",0.020979020979021
"966",66,"issu",0.020979020979021
"967",66,"medicaremedicaid",0.020979020979021
"968",66,"draft",0.020979020979021
"969",67,"bid",0.112843913726764
"970",67,"submiss",0.0436267679465453
"971",67,"organ",0.0376900343925106
"972",67,"submit",0.0269898215323184
"973",67,"requir",0.0247458082808059
"974",67,"deadlin",0.0240894676435317
"975",67,"upload",0.0140530612925691
"976",67,"accur",0.0140530215701394
"977",67,"inaccur",0.0140356017985905
"978",67,"complet",0.0134802901240525
"979",68,"cost",0.0770470572621957
"980",68,"share",0.0691206199438794
"981",68,"servic",0.0349422807081312
"982",68,"tier",0.0257285484359976
"983",68,"benefit",0.0220265854496612
"984",68,"section",0.0189999608235103
"985",68,"medic",0.0178120719941521
"986",68,"equival",0.0178120719941521
"987",68,"actuari",0.0176721075084008
"988",68,"review",0.0173595025324644
"989",69,"enrol",0.0901639344262295
"990",69,"low",0.0655737704918033
"991",69,"region",0.0327868852459016
"992",69,"option",0.0327868852459016
"993",69,"pdp",0.0245901639344262
"994",69,"nonrenew",0.0245901639344262
"995",69,"sponsor",0.0163934426229508
"996",69,"provid",0.0163934426229508
"997",69,"enrolle",0.0163934426229508
"998",69,"1",0.0163934426229508
"999",69,"2",0.0163934426229508
"1000",69,"level",0.0163934426229508
"1001",69,"premium",0.0163934426229508
"1002",69,"author",0.0163934426229508
"1003",69,"offer",0.0163934426229508
"1004",69,"deem",0.0163934426229508
"1005",69,"1000",0.0163934426229508
"1006",69,"42",0.0163934426229508
"1007",69,"cfr",0.0163934426229508
"1008",70,"provid",0.789910921253508
"1009",70,"enrolle",0.0936626478758957
"1010",70,"requir",0.0886317375237164
"1011",70,"section",0.0229376413462294
"1012",70,"remind",0.00456490534611456
"1013",70,"result",0.000201488058189953
"1014",70,"determin",5.44819078861168e-05
"1015",70,"servic",3.61730123631397e-05
"1016",70,"cost",3.67440914012762e-09
"1017",70,"access",1.63023809611459e-12
"1018",71,"percent",0.0872281049694802
"1019",71,"risk",0.0773650922439651
"1020",71,"amount",0.0630250820873046
"1021",71,"threshold",0.0587134011916091
"1022",71,"limit",0.0572162313393602
"1023",71,"target",0.0515583190153695
"1024",71,"share",0.0490985411619382
"1025",71,"aarcc",0.0410303204864079
"1026",71,"differ",0.0364855501817565
"1027",71,"lower",0.031368141511307
"1028",72,"contract",0.0401668115806252
"1029",72,"measur",0.0332001424065853
"1030",72,"rate",0.0192966971330301
"1031",72,"propos",0.0129007795372498
"1032",72,"adjust",0.0123228612833784
"1033",72,"medic",0.0104773345438074
"1034",72,"star",0.0103510920731316
"1035",72,"displai",0.0101715404855483
"1036",72,"includ",0.0101164213791493
"1037",72,"appeal",0.00980240179107414
"1038",73,"user",0.0636363636363636
"1039",73,"fee",0.0636363636363636
"1040",73,"cob",0.0545454545454545
"1041",73,"drug",0.0363636363636364
"1042",73,"data",0.0272727272727273
"1043",73,"2019",0.0272727272727273
"1044",73,"sponsor",0.0272727272727273
"1045",73,"prescript",0.0272727272727273
"1046",73,"benefit",0.0272727272727273
"1047",73,"coverag",0.0272727272727273
"1048",73,"coordin",0.0272727272727273
"1049",74,"model",0.0674300254452926
"1050",74,"factor",0.0623409669211196
"1051",74,"normal",0.0610687022900763
"1052",74,"risk",0.0521628498727735
"1053",74,"payment",0.0432569974554707
"1054",74,"score",0.039440203562341
"1055",74,"trend",0.0330788804071247
"1056",74,"esrd",0.0254452926208651
"1057",74,"denomin",0.0190839694656489
"1058",74,"cmshcc",0.0190839694656489
"1059",75,"enrolle",0.0566037735849057
"1060",75,"reimburs",0.0377358490566038
"1061",75,"sponsor",0.0314465408805032
"1062",75,"drug",0.0314465408805032
"1063",75,"pharmaci",0.0314465408805032
"1064",75,"li",0.0251572327044025
"1065",75,"dai",0.0188679245283019
"1066",75,"applic",0.0188679245283019
"1067",75,"cover",0.0188679245283019
"1068",75,"decis",0.0188679245283019
"1069",75,"outpati",0.0188679245283019
"1070",75,"dmr",0.0188679245283019
"1071",76,"benefit",0.0387931034482759
"1072",76,"applic",0.0301724137931035
"1073",76,"cy",0.0301724137931035
"1074",76,"drug",0.0258620689655172
"1075",76,"costshar",0.0258620689655172
"1076",76,"enhanc",0.021551724137931
"1077",76,"differ",0.021551724137931
"1078",76,"offer",0.021551724137931
"1079",76,"data",0.0172413793103448
"1080",76,"sponsor",0.0172413793103448
"1081",76,"2018",0.0172413793103448
"1082",76,"determin",0.0172413793103448
"1083",76,"standard",0.0172413793103448
"1084",76,"basic",0.0172413793103448
"1085",76,"ea",0.0172413793103448
"1086",76,"meaning",0.0172413793103448
"1087",77,"cover",0.0791065704462571
"1088",77,"inform",0.0553785601280254
"1089",77,"transplant",0.0546089503818802
"1090",77,"sponsor",0.0367389778631569
"1091",77,"prescrib",0.0362063218803672
"1092",77,"claim",0.031451122328099
"1093",77,"drug",0.0286829746266239
"1094",77,"determin",0.026218257201655
"1095",77,"resid",0.0259827351697624
"1096",77,"immunosuppress",0.0217785251284102
"1097",78,"cost",0.0500863557858376
"1098",78,"servic",0.0500863557858376
"1099",78,"share",0.0414507772020725
"1100",78,"benefit",0.0241796200345423
"1101",78,"amount",0.0224525043177893
"1102",78,"copay",0.0207253886010363
"1103",78,"categori",0.0189982728842832
"1104",78,"includ",0.0155440414507772
"1105",78,"limit",0.0155440414507772
"1106",78,"moop",0.0138169257340242
"1107",78,"cy",0.0138169257340242
"1108",79,"moop",0.0780780780780781
"1109",79,"cost",0.048048048048048
"1110",79,"amount",0.045045045045045
"1111",79,"share",0.045045045045045
"1112",79,"limit",0.033033033033033
"1113",79,"enrolle",0.021021021021021
"1114",79,"enrol",0.021021021021021
"1115",79,"voluntari",0.021021021021021
"1116",79,"rang",0.018018018018018
"1117",79,"outofpocket",0.015015015015015
"1118",79,"origin",0.015015015015015
"1119",79,"mandatori",0.015015015015015
"1120",80,"credibl",0.099009900990099
"1121",80,"adjust",0.0693069306930693
"1122",80,"contract",0.0495049504950495
"1123",80,"final",0.0495049504950495
"1124",80,"mlr",0.0495049504950495
"1125",80,"tabl",0.0396039603960396
"1126",80,"publish",0.0396039603960396
"1127",80,"mapd",0.0297029702970297
"1128",80,"standalon",0.0297029702970297
"1129",80,"medic",0.0198019801980198
"1130",80,"provid",0.0198019801980198
"1131",80,"applic",0.0198019801980198
"1132",80,"ratio",0.0198019801980198
"1133",80,"loss",0.0198019801980198
"1134",80,"notic",0.0198019801980198
"1135",80,"42",0.0198019801980198
"1136",80,"cfr",0.0198019801980198
"1137",80,"fr",0.0198019801980198
"1138",80,"78",0.0198019801980198
"1139",80,"ii10",0.0198019801980198
"1140",80,"ii11",0.0198019801980198
"1141",81,"coverag",0.0512820512820513
"1142",81,"servic",0.0384615384615385
"1143",81,"diseas",0.0384615384615385
"1144",81,"therapi",0.0384615384615385
"1145",81,"item",0.0384615384615385
"1146",81,"set",0.0384615384615385
"1147",81,"exercis",0.0384615384615385
"1148",81,"arteri",0.0384615384615385
"1149",81,"pad",0.0384615384615385
"1150",81,"peripher",0.0384615384615385
"1151",81,"supervis",0.0384615384615385
"1152",81,"symptomat",0.0384615384615385
"1153",82,"percentag",0.0645161290322581
"1154",82,"estim",0.0645161290322581
"1155",82,"capita",0.0645161290322581
"1156",82,"growth",0.0645161290322581
"1157",82,"2019",0.0483870967741936
"1158",82,"tabl",0.0483870967741936
"1159",82,"increas",0.0483870967741936
"1160",82,"chang",0.0483870967741936
"1161",82,"nation",0.0483870967741936
"1162",82,"section",0.032258064516129
"1163",82,"percent",0.032258064516129
"1164",82,"cy",0.032258064516129
"1165",82,"prior",0.032258064516129
"1166",82,"i1",0.032258064516129
"1167",83,"corridor",0.0993459321647699
"1168",83,"risk",0.0619917309811688
"1169",83,"threshold",0.057325433416066
"1170",83,"aarcc",0.0503030132668308
"1171",83,"amount",0.046837367948088
"1172",83,"lower",0.043784376852829
"1173",83,"sponsor",0.0397029444333243
"1174",83,"100",0.0362044808499505
"1175",83,"limit",0.0309455984814129
"1176",83,"adjust",0.0230977704150956
