"doc1","doc2","distance"
"2019Advance_ap","CMS-2017-0163-0866-1",0.986383389539412
"2019Advance_ap","CMS-2017-0163-0966-1",0.986383389539412
"2019Advance_ap","CMS-2017-0163-1126-1",0.825249006950594
"2019Advance_ap","CMS-2017-0163-1085-1",0.806384777177941
"2019Advance_ap","CMS-2017-0163-1082-1",0.806364695444171
"2019Advance_ap","CMS-2017-0163-1135-1",0.779660723434732
"2019Advance_ap","CMS-2017-0163-1120-1",0.762612862799411
"2019Advance_ap","CMS-2017-0163-1142-1",0.757307758000576
"2019Advance_ap","CMS-2017-0163-1158-1",0.756625795656935
"2019Advance_ap","CMS-2017-0163-1102-1",0.739130816696466
"2019Advance_ap","CMS-2017-0163-1077-1",0.722907697021621
"2019Advance_ap","CMS-2017-0163-1159-1",0.720540393793475
"2019Advance_ap","CMS-2017-0163-1081-1",0.713443724773005
"2019Advance_ap","CMS-2017-0163-1166-1",0.70332823821334
"2019Advance_ap","CMS-2017-0163-0383-1",0.702753531938496
"2019Advance_ap","CMS-2017-0163-1169-1",0.698212531183008
"2019Advance_ap","CMS-2017-0163-1070-1",0.676377425837639
"2019Advance_ap","CMS-2017-0163-1099-1",0.668949812585146
"2019Advance_ap","CMS-2017-0163-1119-1",0.66156259169314
"2019Advance_ap","CMS-2017-0163-1186-1",0.658358627268186
"2019Advance_ap","CMS-2017-0163-1110-1",0.656905567805257
"2019Advance_ap","CMS-2017-0163-1127-1",0.651428710434934
"2019Advance_ap","CMS-2017-0163-0403-1",0.642384520278634
"2019Advance_ap","CMS-2017-0163-1059-1",0.635111837433653
"2019Advance_ap","CMS-2017-0163-1161-1",0.63125091418165
"2019Advance_ap","CMS-2017-0163-0402-1",0.631058038543036
"2019Advance_ap","CMS-2017-0163-1112-1",0.628511697765533
"2019Advance_ap","CMS-2017-0163-1094-1",0.625017140200241
"2019Advance_ap","CMS-2017-0163-0884-1",0.621362610918085
"2019Advance_ap","CMS-2017-0163-1116-1",0.605700291458656
"2019Advance_ap","CMS-2017-0163-1125-1",0.604207500707407
"2019Advance_ap","CMS-2017-0163-0747-1",0.603194081629043
"2019Advance_ap","CMS-2017-0163-1167-1",0.601619908102048
"2019Advance_ap","CMS-2017-0163-1165-1",0.596466952780794
"2019Advance_ap","CMS-2017-0163-1113-1",0.586514770929716
"2019Advance_ap","CMS-2017-0163-0912-1",0.586208126913567
"2019Advance_ap","CMS-2017-0163-1124-1",0.571132624574939
"2019Advance_ap","CMS-2017-0163-0406-1",0.564638604589891
"2019Advance_ap","CMS-2017-0163-0306-1",0.561109369772407
"2019Advance_ap","CMS-2017-0163-1098-1",0.561062049325284
"2019Advance_ap","CMS-2017-0163-1164-1",0.556803737536915
"2019Advance_ap","CMS-2017-0163-1156-1",0.547455853986814
"2019Advance_ap","CMS-2017-0163-1129-1",0.545332155912058
"2019Advance_ap","CMS-2017-0163-1140-1",0.545172470870013
"2019Advance_ap","CMS-2017-0163-1101-1",0.541136778308682
"2019Advance_ap","CMS-2017-0163-1063-1",0.539889592543947
"2019Advance_ap","CMS-2017-0163-0640-1",0.539298522929431
"2019Advance_ap","CMS-2017-0163-1174-1",0.539167229078046
"2019Advance_ap","CMS-2017-0163-1168-1",0.532834483051897
"2019Advance_ap","CMS-2017-0163-1183-1",0.52604918313278
"2019Advance_ap","CMS-2017-0163-0848-1",0.520415427434998
"2019Advance_ap","CMS-2017-0163-1096-1",0.5194918239789
"2019Advance_ap","CMS-2017-0163-0745-1",0.518245364330246
"2019Advance_ap","CMS-2017-0163-0942-1",0.513255409198657
"2019Advance_ap","CMS-2017-0163-0686-1",0.509645591898162
"2019Advance_ap","CMS-2017-0163-1171-1",0.50763382261917
"2019Advance_ap","CMS-2017-0163-1084-1",0.50426991419239
"2019Advance_ap","CMS-2017-0163-1123-1",0.502884026514055
"2019Advance_ap","CMS-2017-0163-1133-1",0.497361191249417
"2019Advance_ap","CMS-2017-0163-1130-1",0.496309798079981
"2019Advance_ap","CMS-2017-0163-0742-1",0.494004742963616
"2019Advance_ap","CMS-2017-0163-1120-0",0.492678301308934
"2019Advance_ap","CMS-2017-0163-1188-1",0.491442415797099
"2019Advance_ap","CMS-2017-0163-1152-1",0.488264250743096
"2019Advance_ap","CMS-2017-0163-1104-1",0.48748253576083
"2019Advance_ap","CMS-2017-0163-1109-1",0.486961900173228
"2019Advance_ap","CMS-2017-0163-1131-1",0.485989488667638
"2019Advance_ap","CMS-2017-0163-1079-1",0.485593109239155
"2019Advance_ap","CMS-2017-0163-1136-1",0.485385561240959
"2019Advance_ap","CMS-2017-0163-0307-1",0.476478267103927
"2019Advance_ap","CMS-2017-0163-0397-1",0.473121465975759
"2019Advance_ap","CMS-2017-0163-0888-1",0.472509709098971
"2019Advance_ap","CMS-2017-0163-0407-1",0.459758920669332
"2019Advance_ap","CMS-2017-0163-1143-1",0.45649388836683
"2019Advance_ap","CMS-2017-0163-1146-1",0.456383119274563
"2019Advance_ap","CMS-2017-0163-0286-1",0.450684447884981
"2019Advance_ap","CMS-2017-0163-1204-1",0.448586769877032
"2019Advance_ap","CMS-2017-0163-1173-1",0.447415953529604
"2019Advance_ap","CMS-2017-0163-1083-0",0.440329562854439
"2019Advance_ap","CMS-2017-0163-0919-0",0.434596421909913
"2019Advance_ap","CMS-2017-0163-1145-0",0.434564425950948
"2019Advance_ap","CMS-2017-0163-1150-1",0.434010400455088
"2019Advance_ap","CMS-2017-0163-1198-1",0.425379739707945
"2019Advance_ap","CMS-2017-0163-0743-0",0.422456944523451
"2019Advance_ap","CMS-2017-0163-1087-0",0.421631661741283
"2019Advance_ap","CMS-2017-0163-1088-1",0.413447013320338
"2019Advance_ap","CMS-2017-0163-0920-0",0.409947476240678
"2019Advance_ap","CMS-2017-0163-1163-5",0.409365481480722
"2019Advance_ap","CMS-2017-0163-0379-1",0.408349656161318
"2019Advance_ap","CMS-2017-0163-1182-1",0.407726248075424
"2019Advance_ap","CMS-2017-0163-1106-1",0.397876019704967
"2019Advance_ap","CMS-2017-0163-0618-1",0.397697147686253
"2019Advance_ap","CMS-2017-0163-1155-1",0.393590899870867
"2019Advance_ap","CMS-2017-0163-1185-0",0.392920312260146
"2019Advance_ap","CMS-2017-0163-0708-1",0.391245813672026
"2019Advance_ap","CMS-2017-0163-1172-1",0.39121939036826
"2019Advance_ap","CMS-2017-0163-1184-1",0.388577375216478
"2019Advance_ap","CMS-2017-0163-0382-1",0.386987202535158
"2019Advance_ap","CMS-2017-0163-0381-1",0.383898004421986
"2019Advance_ap","CMS-2017-0163-0907-1",0.383817668576333
"2019Advance_ap","CMS-2017-0163-1157-1",0.382740554722243
"2019Advance_ap","CMS-2017-0163-0401-1",0.377131047286586
"2019Advance_ap","CMS-2017-0163-1067-1",0.376719547075964
"2019Advance_ap","CMS-2017-0163-0747-2",0.372484259996901
"2019Advance_ap","CMS-2017-0163-0922-1",0.372482932638442
"2019Advance_ap","CMS-2017-0163-0419-1",0.372049403163649
"2019Advance_ap","CMS-2017-0163-1134-0",0.364333583390112
"2019Advance_ap","CMS-2017-0163-1175-1",0.363980923985271
"2019Advance_ap","CMS-2017-0163-1163-2",0.363851870239202
"2019Advance_ap","CMS-2017-0163-0889-1",0.363630206825575
"2019Advance_ap","CMS-2017-0163-0500-1",0.361076960100399
"2019Advance_ap","CMS-2017-0163-1061-1",0.360751420073483
"2019Advance_ap","CMS-2017-0163-1153-1",0.358879665476639
"2019Advance_ap","CMS-2017-0163-1076-1",0.357922902384053
"2019Advance_ap","CMS-2017-0163-1202-1",0.357869918496683
"2019Advance_ap","CMS-2017-0163-0740-1",0.357538631386621
"2019Advance_ap","CMS-2017-0163-1199-1",0.356811398064865
"2019Advance_ap","CMS-2017-0163-1195-1",0.355156910764616
"2019Advance_ap","CMS-2017-0163-0380-1",0.355027492217012
"2019Advance_ap","CMS-2017-0163-0745-0",0.354436898440952
"2019Advance_ap","CMS-2017-0163-0861-1",0.351577192268975
"2019Advance_ap","CMS-2017-0163-1100-1",0.350635224135873
"2019Advance_ap","CMS-2017-0163-1115-1",0.350146462449526
"2019Advance_ap","CMS-2017-0163-1194-1",0.34964070071672
"2019Advance_ap","CMS-2017-0163-1191-1",0.349619843498321
"2019Advance_ap","CMS-2017-0163-1163-9",0.348821975157419
"2019Advance_ap","CMS-2017-0163-1117-1",0.348117076861377
"2019Advance_ap","CMS-2017-0163-0413-1",0.347473543365459
"2019Advance_ap","CMS-2017-0163-1139-1",0.346200502053677
"2019Advance_ap","CMS-2017-0163-0332-1",0.343325876244496
"2019Advance_ap","CMS-2017-0163-0887-1",0.343075109771581
"2019Advance_ap","CMS-2017-0163-1160-1",0.343024363999351
"2019Advance_ap","CMS-2017-0163-0300-1",0.341496742064044
"2019Advance_ap","CMS-2017-0163-0677-1",0.34066973091377
"2019Advance_ap","CMS-2017-0163-0426-1",0.339045836497392
"2019Advance_ap","CMS-2017-0163-1190-1",0.336471484563218
"2019Advance_ap","CMS-2017-0163-0440-0",0.334260207679564
"2019Advance_ap","CMS-2017-0163-1136-0",0.333251840254338
"2019Advance_ap","CMS-2017-0163-1205-1",0.333040602484783
"2019Advance_ap","CMS-2017-0163-1163-3",0.331289447774032
"2019Advance_ap","CMS-2017-0163-1068-1",0.330532926903905
"2019Advance_ap","CMS-2017-0163-1090-1",0.328946317323187
"2019Advance_ap","CMS-2017-0163-0974-1",0.327610305065095
"2019Advance_ap","CMS-2017-0163-1163-10",0.325456682247433
"2019Advance_ap","CMS-2017-0163-1057-1",0.321890070078948
"2019Advance_ap","CMS-2017-0163-1197-1",0.321568215841807
"2019Advance_ap","CMS-2017-0163-0332-0",0.321325284369339
"2019Advance_ap","CMS-2017-0163-0294-0",0.321289967243764
"2019Advance_ap","CMS-2017-0163-1107-1",0.321225156583722
"2019Advance_ap","CMS-2017-0163-0855-1",0.319213092678616
"2019Advance_ap","CMS-2017-0163-1097-1",0.318787697146815
"2019Advance_ap","CMS-2017-0163-1072-1",0.318388507548139
"2019Advance_ap","CMS-2017-0163-1056-1",0.317401119035311
"2019Advance_ap","CMS-2017-0163-1187-1",0.316528579436327
"2019Advance_ap","CMS-2017-0163-0741-0",0.315578698295696
"2019Advance_ap","CMS-2017-0163-0974-0",0.314472682088485
"2019Advance_ap","CMS-2017-0163-1181-1",0.314095110881777
"2019Advance_ap","CMS-2017-0163-0211-1",0.311919323836067
"2019Advance_ap","CMS-2017-0163-1200-1",0.310326851989193
"2019Advance_ap","CMS-2017-0163-1056-0",0.306500330726178
"2019Advance_ap","CMS-2017-0163-0895-1",0.305088060001595
"2019Advance_ap","CMS-2017-0163-1177-1",0.304012798142884
"2019Advance_ap","CMS-2017-0163-0416-1",0.303927823028034
"2019Advance_ap","CMS-2017-0163-0687-1",0.302626216870045
"2019Advance_ap","CMS-2017-0163-1089-1",0.301556630858547
"2019Advance_ap","CMS-2017-0163-1132-1",0.300464027255505
"2019Advance_ap","CMS-2017-0163-1170-0",0.298567197214271
"2019Advance_ap","CMS-2017-0163-1176-1",0.297693549296681
"2019Advance_ap","CMS-2017-0163-1118-0",0.297277426314221
"2019Advance_ap","CMS-2017-0163-1163-7",0.296334929691125
"2019Advance_ap","CMS-2017-0163-1147-1",0.296042898456608
"2019Advance_ap","CMS-2017-0163-1075-1",0.294405411144905
"2019Advance_ap","CMS-2017-0163-1138-1",0.291504563017098
"2019Advance_ap","CMS-2017-0163-0790-1",0.291331279613778
"2019Advance_ap","CMS-2017-0163-0417-1",0.290762284684997
"2019Advance_ap","CMS-2017-0163-0474-1",0.289027539976311
"2019Advance_ap","CMS-2017-0163-0644-0",0.288665623237884
"2019Advance_ap","CMS-2017-0163-1078-1",0.288272931765019
"2019Advance_ap","CMS-2017-0163-1148-1",0.286012195190286
"2019Advance_ap","CMS-2017-0163-0642-1",0.285118287309565
"2019Advance_ap","CMS-2017-0163-0924-1",0.285118287309565
"2019Advance_ap","CMS-2017-0163-0391-3",0.282203004445167
"2019Advance_ap","CMS-2017-0163-0899-1",0.281205049030513
"2019Advance_ap","CMS-2017-0163-0523-1",0.279139907723307
"2019Advance_ap","CMS-2017-0163-0739-1",0.278468439999171
"2019Advance_ap","CMS-2017-0163-1121-1",0.277923475227677
"2019Advance_ap","CMS-2017-0163-0634-1",0.276433758797871
"2019Advance_ap","CMS-2017-0163-0744-1",0.276012216395352
"2019Advance_ap","CMS-2017-0163-1149-1",0.274610695885293
"2019Advance_ap","CMS-2017-0163-0681-1",0.273876114350828
"2019Advance_ap","CMS-2017-0163-1069-1",0.273543667266784
"2019Advance_ap","CMS-2017-0163-1128-1",0.272877820264599
"2019Advance_ap","CMS-2017-0163-1185-1",0.27255900896655
"2019Advance_ap","CMS-2017-0163-1190-3",0.27255900896655
"2019Advance_ap","CMS-2017-0163-0746-0",0.272332287974711
"2019Advance_ap","CMS-2017-0163-0842-0",0.271399192680424
"2019Advance_ap","CMS-2017-0163-1118-1",0.270817632361965
"2019Advance_ap","CMS-2017-0163-1163-4",0.270039431034105
"2019Advance_ap","CMS-2017-0163-1179-1",0.269919839390842
"2019Advance_ap","CMS-2017-0163-1190-2",0.269919839390842
"2019Advance_ap","CMS-2017-0163-0296-0",0.267902681735298
"2019Advance_ap","CMS-2017-0163-0059-1",0.267621083306241
"2019Advance_ap","CMS-2017-0163-1196-1",0.266742384389058
"2019Advance_ap","CMS-2017-0163-0471-1",0.265265174939835
"2019Advance_ap","CMS-2017-0163-1103-1",0.265162046095237
"2019Advance_ap","CMS-2017-0163-0738-1",0.262354588014141
"2019Advance_ap","CMS-2017-0163-0389-1",0.260677234774436
"2019Advance_ap","CMS-2017-0163-0462-0",0.260252356295091
"2019Advance_ap","CMS-2017-0163-0344-0",0.259360399882014
"2019Advance_ap","CMS-2017-0163-0341-0",0.258995710618698
"2019Advance_ap","CMS-2017-0163-0737-1",0.258639355603382
"2019Advance_ap","CMS-2017-0163-0846-1",0.258282381452063
"2019Advance_ap","CMS-2017-0163-0176-0",0.257167073122059
"2019Advance_ap","CMS-2017-0163-0727-1",0.256639919220972
"2019Advance_ap","CMS-2017-0163-0923-0",0.255727620559892
"2019Advance_ap","CMS-2017-0163-0698-0",0.2554489979484
"2019Advance_ap","CMS-2017-0163-0305-0",0.25513175418642
"2019Advance_ap","CMS-2017-0163-0446-1",0.254886303909476
"2019Advance_ap","CMS-2017-0163-1086-1",0.254586604402268
"2019Advance_ap","CMS-2017-0163-0734-1",0.25429492107608
"2019Advance_ap","CMS-2017-0163-0712-1",0.253693316761388
"2019Advance_ap","CMS-2017-0163-1141-1",0.253654234454091
"2019Advance_ap","CMS-2017-0163-0907-0",0.248629123269564
"2019Advance_ap","CMS-2017-0163-0742-0",0.248627648897547
"2019Advance_ap","CMS-2017-0163-0410-1",0.246899685245041
"2019Advance_ap","CMS-2017-0163-0731-1",0.246631211700291
"2019Advance_ap","CMS-2017-0163-0921-0",0.245643268034576
"2019Advance_ap","CMS-2017-0163-1060-1",0.245020124767202
"2019Advance_ap","CMS-2017-0163-0110-0",0.244920495010649
"2019Advance_ap","CMS-2017-0163-1178-1",0.244911713795563
"2019Advance_ap","CMS-2017-0163-1162-0",0.244103908069335
"2019Advance_ap","CMS-2017-0163-0902-0",0.244024747155507
"2019Advance_ap","CMS-2017-0163-0416-0",0.243850820945585
"2019Advance_ap","CMS-2017-0163-1010-0",0.243613050115205
"2019Advance_ap","CMS-2017-0163-0418-0",0.243316818117287
"2019Advance_ap","CMS-2017-0163-0869-4",0.243068073157078
"2019Advance_ap","CMS-2017-0163-0394-0",0.242594569746951
"2019Advance_ap","CMS-2017-0163-1007-0",0.242558733695113
"2019Advance_ap","CMS-2017-0163-0397-0",0.242520405505015
"2019Advance_ap","CMS-2017-0163-1192-1",0.242480386436722
"2019Advance_ap","CMS-2017-0163-1188-0",0.242462263082021
"2019Advance_ap","CMS-2017-0163-0736-1",0.242251014041191
"2019Advance_ap","CMS-2017-0163-1193-1",0.241344073468943
"2019Advance_ap","CMS-2017-0163-1011-0",0.240913812507397
"2019Advance_ap","CMS-2017-0163-0316-1",0.240145082810554
"2019Advance_ap","CMS-2017-0163-0297-0",0.240040035996625
"2019Advance_ap","CMS-2017-0163-1064-1",0.239410796280771
"2019Advance_ap","CMS-2017-0163-0396-0",0.239263379572521
"2019Advance_ap","CMS-2017-0163-1151-0",0.239166281124265
"2019Advance_ap","CMS-2017-0163-1074-1",0.238824644770986
"2019Advance_ap","CMS-2017-0163-0521-1",0.238671658789722
"2019Advance_ap","CMS-2017-0163-0586-1",0.238113243502965
"2019Advance_ap","CMS-2017-0163-0266-0",0.237015295634944
"2019Advance_ap","CMS-2017-0163-0391-7",0.236961968939503
"2019Advance_ap","CMS-2017-0163-0345-0",0.236577073531571
"2019Advance_ap","CMS-2017-0163-1092-1",0.235965405886864
"2019Advance_ap","CMS-2017-0163-1128-0",0.235732137212013
"2019Advance_ap","CMS-2017-0163-0429-1",0.235608279316153
"2019Advance_ap","CMS-2017-0163-0712-0",0.235280691448216
"2019Advance_ap","CMS-2017-0163-0957-0",0.234969193870385
"2019Advance_ap","CMS-2017-0163-0970-0",0.233567542597398
"2019Advance_ap","CMS-2017-0163-1111-1",0.233476037076254
"2019Advance_ap","CMS-2017-0163-0160-0",0.233367110560899
"2019Advance_ap","CMS-2017-0163-1189-0",0.233045072349453
"2019Advance_ap","CMS-2017-0163-0956-2",0.232515801348164
"2019Advance_ap","CMS-2017-0163-0425-1",0.231639527134867
"2019Advance_ap","CMS-2017-0163-0674-0",0.229468825634581
"2019Advance_ap","CMS-2017-0163-0837-1",0.227307670362537
"2019Advance_ap","CMS-2017-0163-0404-1",0.226863424552167
"2019Advance_ap","CMS-2017-0163-0171-0",0.226049543231219
"2019Advance_ap","CMS-2017-0163-0905-1",0.225757671144044
"2019Advance_ap","CMS-2017-0163-0854-0",0.225556310922597
"2019Advance_ap","CMS-2017-0163-0947-0",0.22545789829801
"2019Advance_ap","CMS-2017-0163-0929-1",0.224965548375139
"2019Advance_ap","CMS-2017-0163-0901-0",0.224963129341899
"2019Advance_ap","CMS-2017-0163-0937-1",0.224080490781389
"2019Advance_ap","CMS-2017-0163-0193-0",0.223990707059442
"2019Advance_ap","CMS-2017-0163-0827-1",0.223877808712368
"2019Advance_ap","CMS-2017-0163-0962-0",0.22312283534094
"2019Advance_ap","CMS-2017-0163-0802-0",0.222395084162545
"2019Advance_ap","CMS-2017-0163-0956-1",0.222333620626605
"2019Advance_ap","CMS-2017-0163-0398-1",0.22189675543089
"2019Advance_ap","CMS-2017-0163-0139-0",0.221283246459401
"2019Advance_ap","CMS-2017-0163-0680-0",0.221058730804317
"2019Advance_ap","CMS-2017-0163-0412-0",0.220891860882272
"2019Advance_ap","CMS-2017-0163-1114-0",0.220269109398594
"2019Advance_ap","CMS-2017-0163-0321-0",0.220093398028781
"2019Advance_ap","CMS-2017-0163-1163-6",0.220017443125024
"2019Advance_ap","CMS-2017-0163-0101-1",0.217793016709213
"2019Advance_ap","CMS-2017-0163-0470-0",0.217592807239374
"2019Advance_ap","CMS-2017-0163-1092-0",0.217499360272879
"2019Advance_ap","CMS-2017-0163-0101-0",0.217369501363029
"2019Advance_ap","CMS-2017-0163-1122-1",0.216965155902583
"2019Advance_ap","CMS-2017-0163-1154-0",0.215864768661326
"2019Advance_ap","CMS-2017-0163-0625-0",0.214896869063856
"2019Advance_ap","CMS-2017-0163-0776-1",0.214070792573232
"2019Advance_ap","CMS-2017-0163-0412-1",0.21393362239648
"2019Advance_ap","CMS-2017-0163-0869-3",0.213872012732298
"2019Advance_ap","CMS-2017-0163-0676-0",0.212967106638707
"2019Advance_ap","CMS-2017-0163-0295-0",0.212912069266903
"2019Advance_ap","CMS-2017-0163-0517-1",0.212569162574368
"2019Advance_ap","CMS-2017-0163-0520-1",0.211546404708251
"2019Advance_ap","CMS-2017-0163-0646-0",0.210654829112421
"2019Advance_ap","CMS-2017-0163-0251-0",0.20990640561965
"2019Advance_ap","CMS-2017-0163-0183-0",0.209596423497055
"2019Advance_ap","CMS-2017-0163-0391-5",0.207622632372983
"2019Advance_ap","CMS-2017-0163-0308-0",0.207456242765495
"2019Advance_ap","CMS-2017-0163-1012-1",0.207191072810602
"2019Advance_ap","CMS-2017-0163-0391-4",0.206842922530143
"2019Advance_ap","CMS-2017-0163-1030-1",0.205746504345367
"2019Advance_ap","CMS-2017-0163-0654-1",0.204780831055867
"2019Advance_ap","CMS-2017-0163-0065-0",0.204510919256072
"2019Advance_ap","CMS-2017-0163-0862-0",0.203900179275943
"2019Advance_ap","CMS-2017-0163-1036-0",0.201406404916447
"2019Advance_ap","CMS-2017-0163-0459-0",0.201076919643135
"2019Advance_ap","CMS-2017-0163-0087-0",0.200933910049973
"2019Advance_ap","CMS-2017-0163-0759-1",0.200793647259997
"2019Advance_ap","CMS-2017-0163-0752-0",0.200435787063777
"2019Advance_ap","CMS-2017-0163-0518-1",0.199020255000341
"2019Advance_ap","CMS-2017-0163-0886-0",0.197959770210163
"2019Advance_ap","CMS-2017-0163-0501-0",0.197923413357836
"2019Advance_ap","CMS-2017-0163-0362-0",0.197675029779934
"2019Advance_ap","CMS-2017-0163-0787-0",0.197320840041173
"2019Advance_ap","CMS-2017-0163-0927-1",0.196499066361547
"2019Advance_ap","CMS-2017-0163-0673-1",0.196167532169732
"2019Advance_ap","CMS-2017-0163-0903-0",0.195898737646607
"2019Advance_ap","CMS-2017-0163-0067-0",0.195820682375265
"2019Advance_ap","CMS-2017-0163-0409-0",0.195225402522397
"2019Advance_ap","CMS-2017-0163-1005-0",0.194994860929979
"2019Advance_ap","CMS-2017-0163-1204-0",0.194325818299521
"2019Advance_ap","CMS-2017-0163-1048-0",0.194297645921506
"2019Advance_ap","CMS-2017-0163-0799-0",0.193555631570394
"2019Advance_ap","CMS-2017-0163-0727-0",0.193199256190679
"2019Advance_ap","CMS-2017-0163-0965-0",0.19308866840231
"2019Advance_ap","CMS-2017-0163-0933-1",0.192100831755585
"2019Advance_ap","CMS-2017-0163-0541-0",0.1920267702586
"2019Advance_ap","CMS-2017-0163-0391-0",0.191623247422542
"2019Advance_ap","CMS-2017-0163-0852-0",0.191286372929543
"2019Advance_ap","CMS-2017-0163-0245-0",0.191031249300119
"2019Advance_ap","CMS-2017-0163-0917-1",0.190343442899239
"2019Advance_ap","CMS-2017-0163-0540-0",0.189529209243437
"2019Advance_ap","CMS-2017-0163-1201-1",0.189248439314778
"2019Advance_ap","CMS-2017-0163-0954-0",0.188571468922194
"2019Advance_ap","CMS-2017-0163-0276-0",0.18853909519084
"2019Advance_ap","CMS-2017-0163-0941-1",0.188291053302671
"2019Advance_ap","CMS-2017-0163-0264-0",0.187414533160614
"2019Advance_ap","CMS-2017-0163-0587-0",0.187394632833568
"2019Advance_ap","CMS-2017-0163-0450-0",0.187361178605776
"2019Advance_ap","CMS-2017-0163-1156-0",0.187336214880994
"2019Advance_ap","CMS-2017-0163-0598-0",0.187312680274778
"2019Advance_ap","CMS-2017-0163-0391-2",0.187041855385561
"2019Advance_ap","CMS-2017-0163-0913-0",0.186984377912651
"2019Advance_ap","CMS-2017-0163-0150-0",0.186729194216992
"2019Advance_ap","CMS-2017-0163-0987-0",0.185832339294928
"2019Advance_ap","CMS-2017-0163-0934-1",0.185675276980692
"2019Advance_ap","CMS-2017-0163-1004-0",0.185231542330667
"2019Advance_ap","CMS-2017-0163-0955-0",0.185171449778017
"2019Advance_ap","CMS-2017-0163-0311-0",0.184954640790106
"2019Advance_ap","CMS-2017-0163-0400-0",0.184334359759421
"2019Advance_ap","CMS-2017-0163-0805-0",0.183867034343288
"2019Advance_ap","CMS-2017-0163-0500-0",0.183280256770158
"2019Advance_ap","CMS-2017-0163-0618-0",0.183049887108028
"2019Advance_ap","CMS-2017-0163-0984-0",0.182945380686108
"2019Advance_ap","CMS-2017-0163-0939-1",0.182796885308654
"2019Advance_ap","CMS-2017-0163-0806-0",0.1825777309209
"2019Advance_ap","CMS-2017-0163-1189-1",0.182540830498661
"2019Advance_ap","CMS-2017-0163-0011-0",0.182462993632034
"2019Advance_ap","CMS-2017-0163-0591-0",0.182109755324532
"2019Advance_ap","CMS-2017-0163-0013-0",0.182068416912442
"2019Advance_ap","CMS-2017-0163-1040-1",0.181544300331965
"2019Advance_ap","CMS-2017-0163-0525-0",0.18137112926832
"2019Advance_ap","CMS-2017-0163-0411-0",0.181297082672438
"2019Advance_ap","CMS-2017-0163-1091-1",0.181196044943367
"2019Advance_ap","CMS-2017-0163-0981-1",0.180505880847093
"2019Advance_ap","CMS-2017-0163-0594-1",0.180463787580759
"2019Advance_ap","CMS-2017-0163-0301-0",0.180037557237348
"2019Advance_ap","CMS-2017-0163-1203-0",0.179119355998308
"2019Advance_ap","CMS-2017-0163-0004-0",0.178974193530243
"2019Advance_ap","CMS-2017-0163-0094-3",0.178652882863416
"2019Advance_ap","CMS-2017-0163-1011-4",0.178652882863416
"2019Advance_ap","CMS-2017-0163-0166-0",0.178122717081035
"2019Advance_ap","CMS-2017-0163-0189-0",0.177675879322593
"2019Advance_ap","CMS-2017-0163-1095-2",0.177618309877996
"2019Advance_ap","CMS-2017-0163-0879-0",0.17740296859208
"2019Advance_ap","CMS-2017-0163-0304-1",0.1772991167395
"2019Advance_ap","CMS-2017-0163-0575-0",0.176846029378329
"2019Advance_ap","CMS-2017-0163-0595-0",0.176802964397823
"2019Advance_ap","CMS-2017-0163-1165-0",0.176463050721264
"2019Advance_ap","CMS-2017-0163-0890-0",0.175818530692235
"2019Advance_ap","CMS-2017-0163-0849-0",0.175612112191696
"2019Advance_ap","CMS-2017-0163-0355-1",0.175465015031592
"2019Advance_ap","CMS-2017-0163-0063-0",0.175137537919679
"2019Advance_ap","CMS-2017-0163-0209-0",0.174817942070052
"2019Advance_ap","CMS-2017-0163-0085-0",0.174671557123779
"2019Advance_ap","CMS-2017-0163-0523-0",0.174567322679941
"2019Advance_ap","CMS-2017-0163-0401-0",0.174495431982506
"2019Advance_ap","CMS-2017-0163-0156-0",0.173976077816111
"2019Advance_ap","CMS-2017-0163-0050-0",0.173340044288768
"2019Advance_ap","CMS-2017-0163-0510-1",0.173284873616497
"2019Advance_ap","CMS-2017-0163-0635-0",0.172247333056353
"2019Advance_ap","CMS-2017-0163-0940-1",0.172209069898204
"2019Advance_ap","CMS-2017-0163-0054-0",0.171847957168319
"2019Advance_ap","CMS-2017-0163-0038-0",0.171541239795216
"2019Advance_ap","CMS-2017-0163-1037-0",0.171451490734961
"2019Advance_ap","CMS-2017-0163-0322-0",0.171219878534061
"2019Advance_ap","CMS-2017-0163-0729-0",0.170839159589827
"2019Advance_ap","CMS-2017-0163-1189-2",0.170736654862646
"2019Advance_ap","CMS-2017-0163-0003-0",0.170516498425693
"2019Advance_ap","CMS-2017-0163-0232-0",0.169641041227872
"2019Advance_ap","CMS-2017-0163-0290-0",0.169406991667075
"2019Advance_ap","CMS-2017-0163-0721-0",0.169134594945985
"2019Advance_ap","CMS-2017-0163-0601-0",0.169123416188883
"2019Advance_ap","CMS-2017-0163-0904-0",0.168986214076038
"2019Advance_ap","CMS-2017-0163-0835-0",0.168822189429731
"2019Advance_ap","CMS-2017-0163-0048-0",0.168777546360938
"2019Advance_ap","CMS-2017-0163-0062-0",0.168639004344132
"2019Advance_ap","CMS-2017-0163-0046-0",0.168605822210255
"2019Advance_ap","CMS-2017-0163-0263-0",0.168406029869069
"2019Advance_ap","CMS-2017-0163-0342-0",0.167943187665895
"2019Advance_ap","CMS-2017-0163-1163-1",0.167922566580944
"2019Advance_ap","CMS-2017-0163-0119-0",0.167880119076624
"2019Advance_ap","CMS-2017-0163-1198-3",0.167773913164439
"2019Advance_ap","CMS-2017-0163-0448-0",0.167768419645088
"2019Advance_ap","CMS-2017-0163-0404-0",0.167598530423813
"2019Advance_ap","CMS-2017-0163-0897-0",0.167081957405975
"2019Advance_ap","CMS-2017-0163-0760-1",0.166774060372159
"2019Advance_ap","CMS-2017-0163-0395-0",0.166113117695053
"2019Advance_ap","CMS-2017-0163-0061-0",0.165765523320755
"2019Advance_ap","CMS-2017-0163-0283-0",0.165466844541528
"2019Advance_ap","CMS-2017-0163-0794-0",0.16522651982486
"2019Advance_ap","CMS-2017-0163-1008-0",0.165210440520737
"2019Advance_ap","CMS-2017-0163-0798-0",0.165145287608019
"2019Advance_ap","CMS-2017-0163-0819-0",0.165019306035649
"2019Advance_ap","CMS-2017-0163-0103-0",0.16468544961958
"2019Advance_ap","CMS-2017-0163-0118-0",0.163860311042065
"2019Advance_ap","CMS-2017-0163-0935-1",0.163842014434456
"2019Advance_ap","CMS-2017-0163-0906-0",0.16368773298015
"2019Advance_ap","CMS-2017-0163-0271-0",0.163470041728384
"2019Advance_ap","CMS-2017-0163-0771-0",0.163023138062412
"2019Advance_ap","CMS-2017-0163-0280-0",0.162886060278419
"2019Advance_ap","CMS-2017-0163-1163-8",0.162882199734672
"2019Advance_ap","CMS-2017-0163-1021-0",0.162527375578105
"2019Advance_ap","CMS-2017-0163-0373-0",0.16251134332547
"2019Advance_ap","CMS-2017-0163-0199-0",0.162462034071496
"2019Advance_ap","CMS-2017-0163-1017-0",0.16231752536855
"2019Advance_ap","CMS-2017-0163-0360-0",0.162184984129332
"2019Advance_ap","CMS-2017-0163-0829-0",0.16198766958061
"2019Advance_ap","CMS-2017-0163-0997-0",0.16193976479812
"2019Advance_ap","CMS-2017-0163-0391-1",0.161721925245213
"2019Advance_ap","CMS-2017-0163-0658-0",0.161553002601045
"2019Advance_ap","CMS-2017-0163-0837-2",0.161522605722702
"2019Advance_ap","CMS-2017-0163-0252-0",0.161419058834903
"2019Advance_ap","CMS-2017-0163-1009-0",0.160792916054473
"2019Advance_ap","CMS-2017-0163-0235-1",0.160370667783788
"2019Advance_ap","CMS-2017-0163-0123-0",0.160021780691992
"2019Advance_ap","CMS-2017-0163-0860-0",0.159915946166022
"2019Advance_ap","CMS-2017-0163-0909-0",0.159210234390157
"2019Advance_ap","CMS-2017-0163-0548-0",0.159196679882734
"2019Advance_ap","CMS-2017-0163-0468-0",0.158892678800863
"2019Advance_ap","CMS-2017-0163-0495-0",0.158552489051132
"2019Advance_ap","CMS-2017-0163-0725-0",0.158237201064836
"2019Advance_ap","CMS-2017-0163-1052-0",0.158132591437159
"2019Advance_ap","CMS-2017-0163-0568-0",0.157755796302463
"2019Advance_ap","CMS-2017-0163-0424-0",0.15761314633983
"2019Advance_ap","CMS-2017-0163-0928-1",0.157557788457942
"2019Advance_ap","CMS-2017-0163-0284-0",0.156734394223429
"2019Advance_ap","CMS-2017-0163-0821-0",0.156566865126425
"2019Advance_ap","CMS-2017-0163-0778-0",0.156549058413344
"2019Advance_ap","CMS-2017-0163-0820-0",0.156524901461539
"2019Advance_ap","CMS-2017-0163-0012-0",0.156281481464128
"2019Advance_ap","CMS-2017-0163-0844-0",0.156257024763849
"2019Advance_ap","CMS-2017-0163-1016-0",0.156250786890485
"2019Advance_ap","CMS-2017-0163-0528-0",0.15606381005863
"2019Advance_ap","CMS-2017-0163-0931-1",0.155497253171994
"2019Advance_ap","CMS-2017-0163-0769-0",0.155126584383514
"2019Advance_ap","CMS-2017-0163-0524-0",0.155063681406353
"2019Advance_ap","CMS-2017-0163-0078-0",0.154742737298805
"2019Advance_ap","CMS-2017-0163-0124-0",0.154735026782598
"2019Advance_ap","CMS-2017-0163-1027-0",0.154695419524136
"2019Advance_ap","CMS-2017-0163-0093-0",0.154369082399965
"2019Advance_ap","CMS-2017-0163-0971-0",0.154184851197512
"2019Advance_ap","CMS-2017-0163-0091-0",0.154121792164466
"2019Advance_ap","CMS-2017-0163-0730-0",0.153985698611509
"2019Advance_ap","CMS-2017-0163-0083-0",0.153934851776581
"2019Advance_ap","CMS-2017-0163-0338-0",0.153558173176991
"2019Advance_ap","CMS-2017-0163-0864-0",0.153194127035176
"2019Advance_ap","CMS-2017-0163-0210-0",0.153012610711839
"2019Advance_ap","CMS-2017-0163-0142-0",0.152861550414391
"2019Advance_ap","CMS-2017-0163-0796-0",0.152617546824935
"2019Advance_ap","CMS-2017-0163-0938-1",0.152462391338195
"2019Advance_ap","CMS-2017-0163-0071-0",0.152240280721764
"2019Advance_ap","CMS-2017-0163-0479-0",0.152224543030899
"2019Advance_ap","CMS-2017-0163-0662-0",0.151660707680516
"2019Advance_ap","CMS-2017-0163-1019-0",0.151574692186622
"2019Advance_ap","CMS-2017-0163-0565-1",0.151514710909648
"2019Advance_ap","CMS-2017-0163-0115-0",0.151464574218115
"2019Advance_ap","CMS-2017-0163-0604-0",0.151162758727986
"2019Advance_ap","CMS-2017-0163-0724-0",0.15094868557873
"2019Advance_ap","CMS-2017-0163-0574-0",0.150765184425701
"2019Advance_ap","CMS-2017-0163-0497-0",0.150654561521353
"2019Advance_ap","CMS-2017-0163-0865-0",0.150576156852228
"2019Advance_ap","CMS-2017-0163-0216-0",0.150545798756088
"2019Advance_ap","CMS-2017-0163-0705-0",0.150420523733891
"2019Advance_ap","CMS-2017-0163-0707-0",0.150420523733891
"2019Advance_ap","CMS-2017-0163-0393-1",0.150407639985712
"2019Advance_ap","CMS-2017-0163-0671-0",0.150116113929064
"2019Advance_ap","CMS-2017-0163-0330-1",0.150095732518588
"2019Advance_ap","CMS-2017-0163-0714-0",0.149830185758898
"2019Advance_ap","CMS-2017-0163-0180-0",0.149542200273305
"2019Advance_ap","CMS-2017-0163-0132-0",0.149112089601655
"2019Advance_ap","CMS-2017-0163-0212-0",0.148866510778127
"2019Advance_ap","CMS-2017-0163-0800-0",0.148817957481562
"2019Advance_ap","CMS-2017-0163-0716-0",0.148793957657983
"2019Advance_ap","CMS-2017-0163-0750-0",0.148562957519023
"2019Advance_ap","CMS-2017-0163-0273-0",0.148403098956933
"2019Advance_ap","CMS-2017-0163-0774-0",0.148123222684151
"2019Advance_ap","CMS-2017-0163-0980-0",0.147753993958633
"2019Advance_ap","CMS-2017-0163-0518-0",0.147609590370301
"2019Advance_ap","CMS-2017-0163-0423-0",0.147359302577885
"2019Advance_ap","CMS-2017-0163-1144-1",0.146883727434114
"2019Advance_ap","CMS-2017-0163-0731-0",0.146590808740165
"2019Advance_ap","CMS-2017-0163-0786-0",0.146507849496756
"2019Advance_ap","CMS-2017-0163-0825-0",0.146349278592047
"2019Advance_ap","CMS-2017-0163-0314-0",0.146322828647401
"2019Advance_ap","CMS-2017-0163-0194-0",0.146279373268648
"2019Advance_ap","CMS-2017-0163-0536-0",0.146148224650209
"2019Advance_ap","CMS-2017-0163-0630-1",0.146035805033753
"2019Advance_ap","CMS-2017-0163-1090-0",0.145700675835531
"2019Advance_ap","CMS-2017-0163-0410-0",0.145078825183476
"2019Advance_ap","CMS-2017-0163-0757-0",0.144846030126502
"2019Advance_ap","CMS-2017-0163-0719-0",0.144008912503177
"2019Advance_ap","CMS-2017-0163-0019-0",0.143752601690709
"2019Advance_ap","CMS-2017-0163-0328-1",0.143614314532931
"2019Advance_ap","CMS-2017-0163-0600-1",0.143614314532931
"2019Advance_ap","CMS-2017-0163-0082-0",0.143473374791617
"2019Advance_ap","CMS-2017-0163-0642-0",0.143442439861383
"2019Advance_ap","CMS-2017-0163-0550-0",0.143298037602497
"2019Advance_ap","CMS-2017-0163-0158-0",0.143279467028955
"2019Advance_ap","CMS-2017-0163-0875-1",0.143139408758028
"2019Advance_ap","CMS-2017-0163-0915-0",0.142960690933454
"2019Advance_ap","CMS-2017-0163-0457-0",0.142402933374701
"2019Advance_ap","CMS-2017-0163-0116-0",0.142295036205851
"2019Advance_ap","CMS-2017-0163-0882-0",0.14227122793148
"2019Advance_ap","CMS-2017-0163-1014-0",0.141917450276549
"2019Advance_ap","CMS-2017-0163-0896-0",0.141500180787651
"2019Advance_ap","CMS-2017-0163-0487-0",0.141447271591387
"2019Advance_ap","CMS-2017-0163-0795-0",0.141400906234099
"2019Advance_ap","CMS-2017-0163-1178-0",0.141290835930995
"2019Advance_ap","CMS-2017-0163-0697-0",0.141269908241429
"2019Advance_ap","CMS-2017-0163-0833-1",0.141204765405279
"2019Advance_ap","CMS-2017-0163-0039-0",0.141013220729517
"2019Advance_ap","CMS-2017-0163-0339-0",0.141005871089177
"2019Advance_ap","CMS-2017-0163-0037-0",0.140698690155017
"2019Advance_ap","CMS-2017-0163-0979-0",0.140639702055724
"2019Advance_ap","CMS-2017-0163-0542-0",0.140456247148454
"2019Advance_ap","CMS-2017-0163-0781-0",0.140354075855849
"2019Advance_ap","CMS-2017-0163-0482-0",0.140067039923153
"2019Advance_ap","CMS-2017-0163-0498-0",0.140002148916197
"2019Advance_ap","CMS-2017-0163-1071-0",0.139924735932795
"2019Advance_ap","CMS-2017-0163-0285-0",0.139719126983453
"2019Advance_ap","CMS-2017-0163-0372-0",0.13968653727756
"2019Advance_ap","CMS-2017-0163-0493-0",0.139640023800412
"2019Advance_ap","CMS-2017-0163-0238-0",0.139595079684923
"2019Advance_ap","CMS-2017-0163-0988-0",0.13944594974882
"2019Advance_ap","CMS-2017-0163-0239-0",0.139389252325465
"2019Advance_ap","CMS-2017-0163-1058-1",0.138699387842742
"2019Advance_ap","CMS-2017-0163-0809-0",0.138693103708051
"2019Advance_ap","CMS-2017-0163-0930-1",0.138578784514895
"2019Advance_ap","CMS-2017-0163-0720-0",0.138510113247142
"2019Advance_ap","CMS-2017-0163-0334-0",0.138446701548864
"2019Advance_ap","CMS-2017-0163-0092-0",0.138139166263473
"2019Advance_ap","CMS-2017-0163-1040-0",0.138074650288435
"2019Advance_ap","CMS-2017-0163-0845-0",0.138028411568267
"2019Advance_ap","CMS-2017-0163-0471-0",0.138010463738939
"2019Advance_ap","CMS-2017-0163-0812-0",0.137927928743303
"2019Advance_ap","CMS-2017-0163-0455-0",0.13788731482979
"2019Advance_ap","CMS-2017-0163-0885-0",0.13777895664373
"2019Advance_ap","CMS-2017-0163-0447-0",0.137722402347206
"2019Advance_ap","CMS-2017-0163-0014-0",0.137530758404524
"2019Advance_ap","CMS-2017-0163-1023-0",0.137491307328021
"2019Advance_ap","CMS-2017-0163-0830-0",0.137430164593798
"2019Advance_ap","CMS-2017-0163-0647-0",0.137381804246557
"2019Advance_ap","CMS-2017-0163-0655-0",0.13731837840305
"2019Advance_ap","CMS-2017-0163-0918-0",0.137161975600708
"2019Advance_ap","CMS-2017-0163-0144-0",0.13686389550104
"2019Advance_ap","CMS-2017-0163-1040-2",0.136840524827079
"2019Advance_ap","CMS-2017-0163-1180-0",0.136824676952278
"2019Advance_ap","CMS-2017-0163-0169-0",0.13679389063994
"2019Advance_ap","CMS-2017-0163-0956-0",0.136456583497082
"2019Advance_ap","CMS-2017-0163-0990-0",0.136085545586336
"2019Advance_ap","CMS-2017-0163-0693-0",0.13567466851858
"2019Advance_ap","CMS-2017-0163-0657-0",0.135379701688722
"2019Advance_ap","CMS-2017-0163-0289-0",0.135350156356805
"2019Advance_ap","CMS-2017-0163-1044-0",0.135337858844598
"2019Advance_ap","CMS-2017-0163-0348-0",0.135301545152329
"2019Advance_ap","CMS-2017-0163-0699-0",0.135269515554375
"2019Advance_ap","CMS-2017-0163-0090-0",0.13526596012128
"2019Advance_ap","CMS-2017-0163-0824-0",0.135177826009368
"2019Advance_ap","CMS-2017-0163-0894-0",0.13453386971432
"2019Advance_ap","CMS-2017-0163-0233-0",0.134360263408457
"2019Advance_ap","CMS-2017-0163-0438-0",0.13432824253513
"2019Advance_ap","CMS-2017-0163-0868-0",0.134055220053262
"2019Advance_ap","CMS-2017-0163-0369-0",0.134029975463318
"2019Advance_ap","CMS-2017-0163-0688-0",0.133957267651256
"2019Advance_ap","CMS-2017-0163-0281-0",0.13387861921802
"2019Advance_ap","CMS-2017-0163-0953-0",0.133863557458938
"2019Advance_ap","CMS-2017-0163-0200-0",0.13348540666123
"2019Advance_ap","CMS-2017-0163-0069-0",0.133475697333629
"2019Advance_ap","CMS-2017-0163-0871-0",0.133321857531332
"2019Advance_ap","CMS-2017-0163-0589-0",0.132791165711963
"2019Advance_ap","CMS-2017-0163-0486-0",0.132452110697634
"2019Advance_ap","CMS-2017-0163-0950-0",0.132427174988248
"2019Advance_ap","CMS-2017-0163-0631-0",0.132243138810977
"2019Advance_ap","CMS-2017-0163-0002-0",0.132140449234008
"2019Advance_ap","CMS-2017-0163-0024-0",0.132034861660315
"2019Advance_ap","CMS-2017-0163-0333-0",0.131995069664356
"2019Advance_ap","CMS-2017-0163-0451-0",0.131916934048486
"2019Advance_ap","CMS-2017-0163-0449-0",0.131573796362181
"2019Advance_ap","CMS-2017-0163-0881-0",0.131300658383413
"2019Advance_ap","CMS-2017-0163-0847-0",0.130785670627676
"2019Advance_ap","CMS-2017-0163-0058-0",0.130766854421489
"2019Advance_ap","CMS-2017-0163-0045-0",0.130665740797286
"2019Advance_ap","CMS-2017-0163-0936-1",0.130497685259652
"2019Advance_ap","CMS-2017-0163-1000-0",0.130414623225761
"2019Advance_ap","CMS-2017-0163-0553-0",0.130305421067139
"2019Advance_ap","CMS-2017-0163-0961-0",0.130002727025938
"2019Advance_ap","CMS-2017-0163-0531-0",0.130002520441664
"2019Advance_ap","CMS-2017-0163-0982-0",0.129964210750005
"2019Advance_ap","CMS-2017-0163-0249-0",0.129876997061154
"2019Advance_ap","CMS-2017-0163-1015-0",0.129810968953081
"2019Advance_ap","CMS-2017-0163-0026-0",0.129789962224082
"2019Advance_ap","CMS-2017-0163-0749-0",0.129610374074943
"2019Advance_ap","CMS-2017-0163-0407-0",0.129568354323651
"2019Advance_ap","CMS-2017-0163-0268-0",0.129459877980092
"2019Advance_ap","CMS-2017-0163-0551-0",0.129404622697967
"2019Advance_ap","CMS-2017-0163-0182-0",0.128791283454728
"2019Advance_ap","CMS-2017-0163-0094-0",0.128556139562399
"2019Advance_ap","CMS-2017-0163-0556-0",0.128448975706236
"2019Advance_ap","CMS-2017-0163-0312-0",0.12837595286514
"2019Advance_ap","CMS-2017-0163-0173-0",0.128310808198769
"2019Advance_ap","CMS-2017-0163-0964-0",0.128298840897931
"2019Advance_ap","CMS-2017-0163-0099-0",0.127882411095335
"2019Advance_ap","CMS-2017-0163-0948-0",0.127871144709355
"2019Advance_ap","CMS-2017-0163-0995-0",0.127806734514711
"2019Advance_ap","CMS-2017-0163-1043-0",0.127733671140702
"2019Advance_ap","CMS-2017-0163-0492-0",0.127531536001075
"2019Advance_ap","CMS-2017-0163-1163-11",0.127251284922948
"2019Advance_ap","CMS-2017-0163-0278-0",0.127213765261936
"2019Advance_ap","CMS-2017-0163-0228-0",0.127142167068374
"2019Advance_ap","CMS-2017-0163-0060-0",0.126932380552564
"2019Advance_ap","CMS-2017-0163-0772-0",0.126821323525073
"2019Advance_ap","CMS-2017-0163-0983-0",0.1267867189752
"2019Advance_ap","CMS-2017-0163-0464-0",0.126727514003896
"2019Advance_ap","CMS-2017-0163-0167-0",0.126727415929217
"2019Advance_ap","CMS-2017-0163-0399-0",0.126430183119905
"2019Advance_ap","CMS-2017-0163-1105-0",0.126425523049503
"2019Advance_ap","CMS-2017-0163-0873-0",0.126307537853385
"2019Advance_ap","CMS-2017-0163-0632-0",0.126247057034332
"2019Advance_ap","CMS-2017-0163-0028-0",0.1261544124466
"2019Advance_ap","CMS-2017-0163-0253-0",0.125964953580952
"2019Advance_ap","CMS-2017-0163-0384-0",0.125832902595086
"2019Advance_ap","CMS-2017-0163-0949-0",0.125690510090041
"2019Advance_ap","CMS-2017-0163-0111-0",0.125563669274404
"2019Advance_ap","CMS-2017-0163-0367-0",0.125530880449552
"2019Advance_ap","CMS-2017-0163-0359-1",0.125309758178845
"2019Advance_ap","CMS-2017-0163-1006-0",0.125206510146083
"2019Advance_ap","CMS-2017-0163-1080-1",0.125118122881457
"2019Advance_ap","CMS-2017-0163-0354-0",0.124734930199734
"2019Advance_ap","CMS-2017-0163-0129-0",0.124683243756924
"2019Advance_ap","CMS-2017-0163-0287-0",0.124504897132365
"2019Advance_ap","CMS-2017-0163-0580-0",0.124083399630513
"2019Advance_ap","CMS-2017-0163-0761-0",0.123752531218396
"2019Advance_ap","CMS-2017-0163-0619-0",0.123741960289161
"2019Advance_ap","CMS-2017-0163-0109-0",0.123386903240906
"2019Advance_ap","CMS-2017-0163-0783-0",0.123282969871625
"2019Advance_ap","CMS-2017-0163-0220-0",0.122858902416315
"2019Advance_ap","CMS-2017-0163-0563-0",0.122489221415575
"2019Advance_ap","CMS-2017-0163-1022-0",0.122485754648916
"2019Advance_ap","CMS-2017-0163-0292-0",0.122212186500862
"2019Advance_ap","CMS-2017-0163-0700-0",0.122150647050301
"2019Advance_ap","CMS-2017-0163-0051-0",0.122042317988221
"2019Advance_ap","CMS-2017-0163-0880-1",0.122023487761694
"2019Advance_ap","CMS-2017-0163-0832-0",0.121933726216004
"2019Advance_ap","CMS-2017-0163-0175-0",0.121840014470064
"2019Advance_ap","CMS-2017-0163-1095-1",0.121664259876271
"2019Advance_ap","CMS-2017-0163-0754-0",0.121554149390255
"2019Advance_ap","CMS-2017-0163-0072-0",0.121530714695418
"2019Advance_ap","CMS-2017-0163-0797-0",0.120696715557655
"2019Advance_ap","CMS-2017-0163-0691-0",0.120668405971326
"2019Advance_ap","CMS-2017-0163-0562-0",0.12043663900487
"2019Advance_ap","CMS-2017-0163-0590-0",0.120299332724418
"2019Advance_ap","CMS-2017-0163-0270-0",0.120126923812925
"2019Advance_ap","CMS-2017-0163-0620-0",0.119974959346817
"2019Advance_ap","CMS-2017-0163-0874-0",0.119942376017297
"2019Advance_ap","CMS-2017-0163-0759-0",0.119939005816238
"2019Advance_ap","CMS-2017-0163-0803-0",0.119932640674181
"2019Advance_ap","CMS-2017-0163-0207-0",0.119886458825681
"2019Advance_ap","CMS-2017-0163-1042-0",0.119646545785145
"2019Advance_ap","CMS-2017-0163-0607-0",0.119458767801456
"2019Advance_ap","CMS-2017-0163-0095-0",0.119355928513724
"2019Advance_ap","CMS-2017-0163-0643-0",0.119293501688217
"2019Advance_ap","CMS-2017-0163-0137-0",0.11921624354006
"2019Advance_ap","CMS-2017-0163-0567-0",0.119208625445466
"2019Advance_ap","CMS-2017-0163-0926-1",0.119122317360975
"2019Advance_ap","CMS-2017-0163-1189-4",0.119086927031507
"2019Advance_ap","CMS-2017-0163-0611-0",0.118990706663297
"2019Advance_ap","CMS-2017-0163-0392-0",0.118656280610119
"2019Advance_ap","CMS-2017-0163-0520-0",0.118561930205349
"2019Advance_ap","CMS-2017-0163-0822-0",0.118461293197797
"2019Advance_ap","CMS-2017-0163-0044-0",0.11823701736824
"2019Advance_ap","CMS-2017-0163-0993-0",0.118098395328026
"2019Advance_ap","CMS-2017-0163-0089-0",0.11789362866572
"2019Advance_ap","CMS-2017-0163-0444-0",0.117788247804117
"2019Advance_ap","CMS-2017-0163-0753-0",0.117539073431978
"2019Advance_ap","CMS-2017-0163-0240-0",0.117360969431238
"2019Advance_ap","CMS-2017-0163-0442-0",0.117346763011154
"2019Advance_ap","CMS-2017-0163-0102-0",0.117163795747607
"2019Advance_ap","CMS-2017-0163-0143-0",0.117149889158449
"2019Advance_ap","CMS-2017-0163-0133-0",0.11714985280606
"2019Advance_ap","CMS-2017-0163-0570-0",0.116785662127586
"2019Advance_ap","CMS-2017-0163-0224-0",0.116747921130237
"2019Advance_ap","CMS-2017-0163-0638-0",0.11665593954989
"2019Advance_ap","CMS-2017-0163-0876-0",0.116583697042521
"2019Advance_ap","CMS-2017-0163-0810-0",0.116583285573731
"2019Advance_ap","CMS-2017-0163-0016-0",0.116536322118013
"2019Advance_ap","CMS-2017-0163-0496-0",0.116494465294192
"2019Advance_ap","CMS-2017-0163-0555-0",0.116493836835728
"2019Advance_ap","CMS-2017-0163-0711-0",0.11644933485517
"2019Advance_ap","CMS-2017-0163-0075-0",0.116296739853857
"2019Advance_ap","CMS-2017-0163-0325-0",0.116253574590816
"2019Advance_ap","CMS-2017-0163-0329-0",0.116159925338224
"2019Advance_ap","CMS-2017-0163-0817-0",0.116099978181855
"2019Advance_ap","CMS-2017-0163-0420-0",0.115790334018709
"2019Advance_ap","CMS-2017-0163-0989-0",0.115490960787209
"2019Advance_ap","CMS-2017-0163-0841-0",0.115485847257268
"2019Advance_ap","CMS-2017-0163-0242-0",0.115245972246321
"2019Advance_ap","CMS-2017-0163-0165-0",0.115195171236153
"2019Advance_ap","CMS-2017-0163-0843-0",0.115120570262901
"2019Advance_ap","CMS-2017-0163-0728-0",0.114892351963319
"2019Advance_ap","CMS-2017-0163-0999-0",0.114777263842898
"2019Advance_ap","CMS-2017-0163-0779-0",0.114692317311894
"2019Advance_ap","CMS-2017-0163-0453-0",0.114519326300071
"2019Advance_ap","CMS-2017-0163-0476-0",0.114327905599015
"2019Advance_ap","CMS-2017-0163-1047-0",0.114202467488892
"2019Advance_ap","CMS-2017-0163-0282-0",0.113921304057144
"2019Advance_ap","CMS-2017-0163-0549-0",0.113792579304926
"2019Advance_ap","CMS-2017-0163-0349-0",0.113764809596574
"2019Advance_ap","CMS-2017-0163-0663-0",0.113457436784051
"2019Advance_ap","CMS-2017-0163-1066-0",0.113430014826754
"2019Advance_ap","CMS-2017-0163-0615-0",0.113427364879214
"2019Advance_ap","CMS-2017-0163-0025-0",0.113405114027734
"2019Advance_ap","CMS-2017-0163-0767-0",0.113292326743951
"2019Advance_ap","CMS-2017-0163-0146-0",0.113224563146224
"2019Advance_ap","CMS-2017-0163-0624-0",0.113212951221251
"2019Advance_ap","CMS-2017-0163-1020-0",0.112897055116974
"2019Advance_ap","CMS-2017-0163-0480-0",0.112576780188371
"2019Advance_ap","CMS-2017-0163-0636-0",0.112567015710647
"2019Advance_ap","CMS-2017-0163-0191-0",0.112414671079145
"2019Advance_ap","CMS-2017-0163-0068-0",0.112387350510839
"2019Advance_ap","CMS-2017-0163-0515-0",0.112297491091356
"2019Advance_ap","CMS-2017-0163-0140-0",0.112244525899728
"2019Advance_ap","CMS-2017-0163-0837-0",0.112112298020941
"2019Advance_ap","CMS-2017-0163-0084-0",0.112034188013405
"2019Advance_ap","CMS-2017-0163-0163-0",0.11186999221038
"2019Advance_ap","CMS-2017-0163-1045-0",0.111650767802409
"2019Advance_ap","CMS-2017-0163-1137-0",0.111605887960978
"2019Advance_ap","CMS-2017-0163-0641-0",0.111578353683524
"2019Advance_ap","CMS-2017-0163-0788-0",0.111408009756261
"2019Advance_ap","CMS-2017-0163-0577-0",0.111284603318479
"2019Advance_ap","CMS-2017-0163-1003-0",0.111196732600059
"2019Advance_ap","CMS-2017-0163-0554-0",0.111112923608206
"2019Advance_ap","CMS-2017-0163-0184-0",0.111066571902283
"2019Advance_ap","CMS-2017-0163-0328-0",0.111053374300201
"2019Advance_ap","CMS-2017-0163-0162-0",0.110893372473986
"2019Advance_ap","CMS-2017-0163-0219-0",0.110646928605495
"2019Advance_ap","CMS-2017-0163-0856-0",0.110422045503749
"2019Advance_ap","CMS-2017-0163-0313-0",0.110159594727624
"2019Advance_ap","CMS-2017-0163-0081-0",0.109937183445373
"2019Advance_ap","CMS-2017-0163-0713-0",0.109733596858721
"2019Advance_ap","CMS-2017-0163-0018-0",0.109167713717865
"2019Advance_ap","CMS-2017-0163-0414-0",0.109103577145572
"2019Advance_ap","CMS-2017-0163-0491-0",0.108851167108651
"2019Advance_ap","CMS-2017-0163-1053-0",0.108829651470089
"2019Advance_ap","CMS-2017-0163-0622-0",0.10871477600828
"2019Advance_ap","CMS-2017-0163-0508-0",0.108652008603248
"2019Advance_ap","CMS-2017-0163-0473-0",0.108512487273827
"2019Advance_ap","CMS-2017-0163-0645-0",0.108512487273827
"2019Advance_ap","CMS-2017-0163-0735-0",0.108499554327054
"2019Advance_ap","CMS-2017-0163-0361-0",0.10828937014935
"2019Advance_ap","CMS-2017-0163-0347-0",0.10816402044632
"2019Advance_ap","CMS-2017-0163-0878-0",0.108089546399561
"2019Advance_ap","CMS-2017-0163-0782-0",0.108059968607035
"2019Advance_ap","CMS-2017-0163-0352-0",0.108018751244944
"2019Advance_ap","CMS-2017-0163-0153-0",0.107713771081031
"2019Advance_ap","CMS-2017-0163-0504-0",0.107622532512478
"2019Advance_ap","CMS-2017-0163-0477-0",0.107597617318048
"2019Advance_ap","CMS-2017-0163-0969-0",0.107554083336127
"2019Advance_ap","CMS-2017-0163-0494-0",0.107344344744212
"2019Advance_ap","CMS-2017-0163-0076-0",0.107058783214581
"2019Advance_ap","CMS-2017-0163-0041-0",0.106941683278751
"2019Advance_ap","CMS-2017-0163-0386-0",0.106834723389592
"2019Advance_ap","CMS-2017-0163-0042-0",0.106764873949155
"2019Advance_ap","CMS-2017-0163-0762-0",0.106609824404836
"2019Advance_ap","CMS-2017-0163-0130-0",0.106514585629603
"2019Advance_ap","CMS-2017-0163-0388-0",0.10637271032467
"2019Advance_ap","CMS-2017-0163-0665-0",0.106196953163467
"2019Advance_ap","CMS-2017-0163-1002-0",0.106134176476959
"2019Advance_ap","CMS-2017-0163-0608-0",0.105916301113617
"2019Advance_ap","CMS-2017-0163-0185-0",0.105912780046772
"2019Advance_ap","CMS-2017-0163-0872-0",0.105854384560835
"2019Advance_ap","CMS-2017-0163-0569-0",0.105799139123552
"2019Advance_ap","CMS-2017-0163-0436-0",0.105726816994538
"2019Advance_ap","CMS-2017-0163-0748-0",0.105725603098114
"2019Advance_ap","CMS-2017-0163-0128-0",0.105353829874964
"2019Advance_ap","CMS-2017-0163-0387-0",0.104771861396856
"2019Advance_ap","CMS-2017-0163-0203-0",0.104749368185287
"2019Advance_ap","CMS-2017-0163-0914-0",0.104491231400255
"2019Advance_ap","CMS-2017-0163-0816-0",0.104455578524665
"2019Advance_ap","CMS-2017-0163-0652-0",0.104344706262043
"2019Advance_ap","CMS-2017-0163-0892-0",0.104052374518349
"2019Advance_ap","CMS-2017-0163-0079-0",0.104025838879968
"2019Advance_ap","CMS-2017-0163-0488-0",0.103968390857492
"2019Advance_ap","CMS-2017-0163-0056-0",0.10369124045139
"2019Advance_ap","CMS-2017-0163-0623-0",0.103289493177052
"2019Advance_ap","CMS-2017-0163-0275-0",0.102978211189579
"2019Advance_ap","CMS-2017-0163-0126-0",0.102792513528557
"2019Advance_ap","CMS-2017-0163-0389-0",0.102716142964975
"2019Advance_ap","CMS-2017-0163-1046-0",0.102712499777276
"2019Advance_ap","CMS-2017-0163-0215-0",0.102630712596701
"2019Advance_ap","CMS-2017-0163-0170-0",0.102537684154092
"2019Advance_ap","CMS-2017-0163-0763-0",0.102432447508456
"2019Advance_ap","CMS-2017-0163-0030-0",0.102386415217633
"2019Advance_ap","CMS-2017-0163-0597-0",0.102351343380916
"2019Advance_ap","CMS-2017-0163-0358-0",0.102344317617912
"2019Advance_ap","CMS-2017-0163-0377-0",0.102115312917155
"2019Advance_ap","CMS-2017-0163-0198-0",0.102035910182655
"2019Advance_ap","CMS-2017-0163-0336-0",0.10167627884252
"2019Advance_ap","CMS-2017-0163-0668-0",0.101515579705397
"2019Advance_ap","CMS-2017-0163-0637-0",0.101480756967591
"2019Advance_ap","CMS-2017-0163-0639-0",0.10136604368644
"2019Advance_ap","CMS-2017-0163-0951-0",0.101133764440891
"2019Advance_ap","CMS-2017-0163-1198-2",0.101123723351654
"2019Advance_ap","CMS-2017-0163-0526-0",0.101051982683222
"2019Advance_ap","CMS-2017-0163-0944-0",0.100814054385765
"2019Advance_ap","CMS-2017-0163-0694-0",0.10069804193857
"2019Advance_ap","CMS-2017-0163-0214-0",0.100654374487388
"2019Advance_ap","CMS-2017-0163-0121-0",0.100556000034967
"2019Advance_ap","CMS-2017-0163-0529-0",0.10048684722101
"2019Advance_ap","CMS-2017-0163-0371-0",0.100455163063531
"2019Advance_ap","CMS-2017-0163-0269-0",0.100378534761668
"2019Advance_ap","CMS-2017-0163-1169-0",0.100303149645113
"2019Advance_ap","CMS-2017-0163-0293-0",0.100234671991312
"2019Advance_ap","CMS-2017-0163-0363-0",0.100101309232577
"2019Advance_ap","CMS-2017-0163-0104-0",0.100071160146622
"2019Advance_ap","CMS-2017-0163-0690-0",0.0999649491241526
"2019Advance_ap","CMS-2017-0163-1018-0",0.0999077082063228
"2019Advance_ap","CMS-2017-0163-0370-0",0.0998314545612062
"2019Advance_ap","CMS-2017-0163-0708-0",0.099699209949464
"2019Advance_ap","CMS-2017-0163-0533-0",0.0996522054678974
"2019Advance_ap","CMS-2017-0163-0467-0",0.0994963184050782
"2019Advance_ap","CMS-2017-0163-0571-0",0.0993143744399362
"2019Advance_ap","CMS-2017-0163-0804-0",0.0992968527834189
"2019Advance_ap","CMS-2017-0163-0791-0",0.0991799432309771
"2019Advance_ap","CMS-2017-0163-0258-0",0.0990159663687954
"2019Advance_ap","CMS-2017-0163-0254-0",0.0989428413162732
"2019Advance_ap","CMS-2017-0163-0047-0",0.0988011515211004
"2019Advance_ap","CMS-2017-0163-0701-0",0.0987503280130972
"2019Advance_ap","CMS-2017-0163-0422-0",0.098617548506123
"2019Advance_ap","CMS-2017-0163-0764-0",0.0983382424131355
"2019Advance_ap","CMS-2017-0163-0558-0",0.0982335146249882
"2019Advance_ap","CMS-2017-0163-1013-0",0.0982288004520189
"2019Advance_ap","CMS-2017-0163-0958-0",0.0982113139259911
"2019Advance_ap","CMS-2017-0163-0692-0",0.0979245745974388
"2019Advance_ap","CMS-2017-0163-0108-0",0.097789923576389
"2019Advance_ap","CMS-2017-0163-0813-0",0.0977833336629804
"2019Advance_ap","CMS-2017-0163-0612-0",0.0977282420110679
"2019Advance_ap","CMS-2017-0163-0952-0",0.097695247517408
"2019Advance_ap","CMS-2017-0163-0784-0",0.0976775553342677
"2019Advance_ap","CMS-2017-0163-0516-0",0.0971260956734961
"2019Advance_ap","CMS-2017-0163-0299-0",0.0971173005883469
"2019Advance_ap","CMS-2017-0163-0704-0",0.0970935646975518
"2019Advance_ap","CMS-2017-0163-0243-0",0.0970771697277848
"2019Advance_ap","CMS-2017-0163-1038-0",0.0970322455645451
"2019Advance_ap","CMS-2017-0163-0064-0",0.0968701154891211
"2019Advance_ap","CMS-2017-0163-0545-0",0.0966224844145537
"2019Advance_ap","CMS-2017-0163-0975-0",0.0966174395597446
"2019Advance_ap","CMS-2017-0163-0023-0",0.096588586175619
"2019Advance_ap","CMS-2017-0163-0131-0",0.0965315550598948
"2019Advance_ap","CMS-2017-0163-0097-0",0.096165205914922
"2019Advance_ap","CMS-2017-0163-0831-0",0.0957400945203738
"2019Advance_ap","CMS-2017-0163-0036-0",0.0957319271855442
"2019Advance_ap","CMS-2017-0163-0539-0",0.0956212849402116
"2019Advance_ap","CMS-2017-0163-0733-2",0.0955075845570883
"2019Advance_ap","CMS-2017-0163-0932-0",0.0952136987467783
"2019Advance_ap","CMS-2017-0163-0237-0",0.0950250155340353
"2019Advance_ap","CMS-2017-0163-0689-0",0.0949055489715163
"2019Advance_ap","CMS-2017-0163-0978-0",0.0948933106675052
"2019Advance_ap","CMS-2017-0163-0683-0",0.0947785804631244
"2019Advance_ap","CMS-2017-0163-0557-0",0.0947120288774929
"2019Advance_ap","CMS-2017-0163-0573-0",0.0946910767853319
"2019Advance_ap","CMS-2017-0163-0576-0",0.0946910767853319
"2019Advance_ap","CMS-2017-0163-0437-0",0.0946083482209721
"2019Advance_ap","CMS-2017-0163-0112-0",0.0945728722166121
"2019Advance_ap","CMS-2017-0163-0605-0",0.0945500301579464
"2019Advance_ap","CMS-2017-0163-0600-0",0.0945275700504459
"2019Advance_ap","CMS-2017-0163-0863-0",0.0944976320954779
"2019Advance_ap","CMS-2017-0163-0227-0",0.0944416344247852
"2019Advance_ap","CMS-2017-0163-0324-0",0.0944333364992794
"2019Advance_ap","CMS-2017-0163-0853-0",0.0942265227631293
"2019Advance_ap","CMS-2017-0163-0205-0",0.0941517989400603
"2019Advance_ap","CMS-2017-0163-0350-0",0.0941174036341304
"2019Advance_ap","CMS-2017-0163-0461-0",0.0938852095280254
"2019Advance_ap","CMS-2017-0163-0255-0",0.0937910042833825
"2019Advance_ap","CMS-2017-0163-0732-1",0.0936661609371974
"2019Advance_ap","CMS-2017-0163-1205-0",0.0933984774509791
"2019Advance_ap","CMS-2017-0163-0020-0",0.0933347659441311
"2019Advance_ap","CMS-2017-0163-0789-0",0.0933217998557578
"2019Advance_ap","CMS-2017-0163-0943-0",0.0933061376405608
"2019Advance_ap","CMS-2017-0163-0147-0",0.0933047242483391
"2019Advance_ap","CMS-2017-0163-0291-0",0.0929773343519774
"2019Advance_ap","CMS-2017-0163-0538-0",0.0929589914708118
"2019Advance_ap","CMS-2017-0163-0029-1",0.0928822923932943
"2019Advance_ap","CMS-2017-0163-0221-0",0.0928749557413162
"2019Advance_ap","CMS-2017-0163-0653-0",0.0925141181648783
"2019Advance_ap","CMS-2017-0163-0250-0",0.092347744400291
"2019Advance_ap","CMS-2017-0163-0201-0",0.092129362078463
"2019Advance_ap","CMS-2017-0163-1034-0",0.0920205801688452
"2019Advance_ap","CMS-2017-0163-1033-0",0.0919778429805673
"2019Advance_ap","CMS-2017-0163-0141-0",0.0918128466624459
"2019Advance_ap","CMS-2017-0163-0893-0",0.0913930191878911
"2019Advance_ap","CMS-2017-0163-1139-0",0.0913864660657832
"2019Advance_ap","CMS-2017-0163-0621-0",0.0911148235283345
"2019Advance_ap","CMS-2017-0163-0385-0",0.0908321201497087
"2019Advance_ap","CMS-2017-0163-0869-2",0.0907618087174824
"2019Advance_ap","CMS-2017-0163-0096-0",0.0902986757921951
"2019Advance_ap","CMS-2017-0163-0664-0",0.0896811288485024
"2019Advance_ap","CMS-2017-0163-0161-0",0.0896465323441822
"2019Advance_ap","CMS-2017-0163-0823-0",0.0895604748573151
"2019Advance_ap","CMS-2017-0163-0552-0",0.0894991562669517
"2019Advance_ap","CMS-2017-0163-0679-0",0.0894842904386647
"2019Advance_ap","CMS-2017-0163-0755-0",0.0894761464292553
"2019Advance_ap","CMS-2017-0163-0656-0",0.0894551854243466
"2019Advance_ap","CMS-2017-0163-1050-0",0.089216972905101
"2019Advance_ap","CMS-2017-0163-0661-0",0.0891394091275137
"2019Advance_ap","CMS-2017-0163-0100-0",0.0888044327295101
"2019Advance_ap","CMS-2017-0163-0559-0",0.0887998465356753
"2019Advance_ap","CMS-2017-0163-0086-0",0.0887192688989228
"2019Advance_ap","CMS-2017-0163-0596-0",0.0885476921501729
"2019Advance_ap","CMS-2017-0163-0172-0",0.08823316802269
"2019Advance_ap","CMS-2017-0163-0768-0",0.0880111048438765
"2019Advance_ap","CMS-2017-0163-0405-0",0.0878040923642205
"2019Advance_ap","CMS-2017-0163-0883-0",0.0877119937857284
"2019Advance_ap","CMS-2017-0163-0443-0",0.0877097963005015
"2019Advance_ap","CMS-2017-0163-0074-0",0.0871523608172448
"2019Advance_ap","CMS-2017-0163-0792-0",0.0870835697124217
"2019Advance_ap","CMS-2017-0163-0066-0",0.0869935899812132
"2019Advance_ap","CMS-2017-0163-0460-0",0.086981942768743
"2019Advance_ap","CMS-2017-0163-0187-0",0.0865198153893692
"2019Advance_ap","CMS-2017-0163-0976-0",0.0864084640111766
"2019Advance_ap","CMS-2017-0163-0309-0",0.0863054942531625
"2019Advance_ap","CMS-2017-0163-0584-0",0.0858692965563208
"2019Advance_ap","CMS-2017-0163-0260-0",0.0858676532813117
"2019Advance_ap","CMS-2017-0163-1049-0",0.0858636397177019
"2019Advance_ap","CMS-2017-0163-0434-0",0.0857441988908113
"2019Advance_ap","CMS-2017-0163-0244-0",0.0856693982051857
"2019Advance_ap","CMS-2017-0163-0378-0",0.0855718427691054
"2019Advance_ap","CMS-2017-0163-0537-0",0.0855550767567627
"2019Advance_ap","CMS-2017-0163-0838-0",0.0854074975201179
"2019Advance_ap","CMS-2017-0163-0801-0",0.0853922584310389
"2019Advance_ap","CMS-2017-0163-0815-0",0.0853734852637332
"2019Advance_ap","CMS-2017-0163-0475-0",0.0852198795470391
"2019Advance_ap","CMS-2017-0163-0174-0",0.08510757762873
"2019Advance_ap","CMS-2017-0163-0869-1",0.0850806159715674
"2019Advance_ap","CMS-2017-0163-0512-0",0.0849444611972263
"2019Advance_ap","CMS-2017-0163-0430-0",0.0847771519051655
"2019Advance_ap","CMS-2017-0163-1065-0",0.0846383720370989
"2019Advance_ap","CMS-2017-0163-0267-0",0.0846379766873901
"2019Advance_ap","CMS-2017-0163-1041-0",0.0845482561331113
"2019Advance_ap","CMS-2017-0163-0197-0",0.0844740542195472
"2019Advance_ap","CMS-2017-0163-0877-0",0.0843447637648809
"2019Advance_ap","CMS-2017-0163-0439-0",0.0841564147330755
"2019Advance_ap","CMS-2017-0163-0117-0",0.0836679823285424
"2019Advance_ap","CMS-2017-0163-0666-0",0.0836613289146264
"2019Advance_ap","CMS-2017-0163-0682-0",0.0835827138972138
"2019Advance_ap","CMS-2017-0163-0765-0",0.0834847643837956
"2019Advance_ap","CMS-2017-0163-0967-0",0.0834054335527485
"2019Advance_ap","CMS-2017-0163-0717-0",0.0832225344816663
"2019Advance_ap","CMS-2017-0163-0836-0",0.082890899264186
"2019Advance_ap","CMS-2017-0163-0564-0",0.0826273571670138
"2019Advance_ap","CMS-2017-0163-0335-0",0.082383395854401
"2019Advance_ap","CMS-2017-0163-0179-0",0.0820776818137759
"2019Advance_ap","CMS-2017-0163-0364-0",0.0819434224743642
"2019Advance_ap","CMS-2017-0163-0327-0",0.0818211407153475
"2019Advance_ap","CMS-2017-0163-0351-0",0.0818128755472184
"2019Advance_ap","CMS-2017-0163-0127-0",0.0817851572424921
"2019Advance_ap","CMS-2017-0163-0134-0",0.0817797972540573
"2019Advance_ap","CMS-2017-0163-0718-0",0.0816014847297391
"2019Advance_ap","CMS-2017-0163-0070-0",0.0814374476924725
"2019Advance_ap","CMS-2017-0163-0415-0",0.0813912359510703
"2019Advance_ap","CMS-2017-0163-0627-0",0.0813691495914097
"2019Advance_ap","CMS-2017-0163-0218-0",0.0813419736490727
"2019Advance_ap","CMS-2017-0163-0543-0",0.0812462833662405
"2019Advance_ap","CMS-2017-0163-0155-0",0.0810419110322161
"2019Advance_ap","CMS-2017-0163-0077-0",0.0809862151762185
"2019Advance_ap","CMS-2017-0163-0375-0",0.0808756499307041
"2019Advance_ap","CMS-2017-0163-0850-0",0.0808164532593345
"2019Advance_ap","CMS-2017-0163-0317-0",0.0806490677384677
"2019Advance_ap","CMS-2017-0163-0225-0",0.0806263637795069
"2019Advance_ap","CMS-2017-0163-0032-0",0.0804199785883287
"2019Advance_ap","CMS-2017-0163-0033-0",0.0802374301632019
"2019Advance_ap","CMS-2017-0163-0992-0",0.0800345644578161
"2019Advance_ap","CMS-2017-0163-0022-0",0.0799239323885424
"2019Advance_ap","CMS-2017-0163-0192-0",0.0797539603446466
"2019Advance_ap","CMS-2017-0163-1035-0",0.0797070784310485
"2019Advance_ap","CMS-2017-0163-0343-0",0.0795523157792923
"2019Advance_ap","CMS-2017-0163-0337-0",0.0793734707516289
"2019Advance_ap","CMS-2017-0163-0319-0",0.0789285412099923
"2019Advance_ap","CMS-2017-0163-1072-0",0.0788636328701815
"2019Advance_ap","CMS-2017-0163-0008-0",0.078823219076937
"2019Advance_ap","CMS-2017-0163-0009-0",0.078823219076937
"2019Advance_ap","CMS-2017-0163-0010-0",0.078823219076937
"2019Advance_ap","CMS-2017-0163-0114-0",0.0787557719275821
"2019Advance_ap","CMS-2017-0163-0527-0",0.0785035431281129
"2019Advance_ap","CMS-2017-0163-0530-0",0.0784683769420683
"2019Advance_ap","CMS-2017-0163-0946-0",0.0783454638190338
"2019Advance_ap","CMS-2017-0163-0195-0",0.0777952968988047
"2019Advance_ap","CMS-2017-0163-0226-0",0.0776148215385985
"2019Advance_ap","CMS-2017-0163-0122-0",0.0776004245089176
"2019Advance_ap","CMS-2017-0163-1093-0",0.0774507212500613
"2019Advance_ap","CMS-2017-0163-0519-0",0.0773475173108679
"2019Advance_ap","CMS-2017-0163-1095-0",0.0772448651378717
"2019Advance_ap","CMS-2017-0163-0234-0",0.0772084702050048
"2019Advance_ap","CMS-2017-0163-0489-0",0.0771232360777125
"2019Advance_ap","CMS-2017-0163-0035-0",0.0768975980447336
"2019Advance_ap","CMS-2017-0163-0509-0",0.0765934765601149
"2019Advance_ap","CMS-2017-0163-0773-0",0.076527400788128
"2019Advance_ap","CMS-2017-0163-0256-0",0.0762800520098074
"2019Advance_ap","CMS-2017-0163-1039-0",0.0762720126424409
"2019Advance_ap","CMS-2017-0163-0265-0",0.0760830048451072
"2019Advance_ap","CMS-2017-0163-1068-0",0.0759427575786933
"2019Advance_ap","CMS-2017-0163-0606-0",0.0755309431952303
"2019Advance_ap","CMS-2017-0163-0696-0",0.0754712748125467
"2019Advance_ap","CMS-2017-0163-0288-0",0.0751577195446397
"2019Advance_ap","CMS-2017-0163-0217-0",0.0750653067941582
"2019Advance_ap","CMS-2017-0163-1029-0",0.074983780536064
"2019Advance_ap","CMS-2017-0163-0431-0",0.0749829082034138
"2019Advance_ap","CMS-2017-0163-0247-0",0.0749325532490618
"2019Advance_ap","CMS-2017-0163-0080-0",0.0749060539613281
"2019Advance_ap","CMS-2017-0163-1040-3",0.074718544904768
"2019Advance_ap","CMS-2017-0163-0972-0",0.0746614559837705
"2019Advance_ap","CMS-2017-0163-0592-0",0.0746329204795227
"2019Advance_ap","CMS-2017-0163-0274-0",0.0745180037679036
"2019Advance_ap","CMS-2017-0163-0709-0",0.0744891472223441
"2019Advance_ap","CMS-2017-0163-0421-0",0.0742250227608583
"2019Advance_ap","CMS-2017-0163-0445-0",0.0737888082807959
"2019Advance_ap","CMS-2017-0163-0465-0",0.0737307754147889
"2019Advance_ap","CMS-2017-0163-0685-0",0.0737225244596226
"2019Advance_ap","CMS-2017-0163-0164-0",0.0735256507213178
"2019Advance_ap","CMS-2017-0163-0514-0",0.0734837057045348
"2019Advance_ap","CMS-2017-0163-0113-0",0.0733148021770423
"2019Advance_ap","CMS-2017-0163-1189-3",0.0732965873193585
"2019Advance_ap","CMS-2017-0163-1055-0",0.0730624520241323
"2019Advance_ap","CMS-2017-0163-0834-0",0.0728746082021971
"2019Advance_ap","CMS-2017-0163-0230-0",0.0728397363351472
"2019Advance_ap","CMS-2017-0163-0259-0",0.0728151308207473
"2019Advance_ap","CMS-2017-0163-0052-0",0.0727379983503906
"2019Advance_ap","CMS-2017-0163-0898-0",0.0725121246952784
"2019Advance_ap","CMS-2017-0163-0859-0",0.0724046993253594
"2019Advance_ap","CMS-2017-0163-0770-0",0.0724014052974444
"2019Advance_ap","CMS-2017-0163-0088-0",0.072230185222471
"2019Advance_ap","CMS-2017-0163-0839-0",0.0720389472122266
"2019Advance_ap","CMS-2017-0163-0094-1",0.0718675724757648
"2019Advance_ap","CMS-2017-0163-1011-2",0.0718675724757648
"2019Advance_ap","CMS-2017-0163-0356-0",0.0717376582825715
"2019Advance_ap","CMS-2017-0163-0659-0",0.0716385704917093
"2019Advance_ap","CMS-2017-0163-0986-0",0.0716316060639961
"2019Advance_ap","CMS-2017-0163-0428-0",0.0715258712509049
"2019Advance_ap","CMS-2017-0163-0138-0",0.0715236745048081
"2019Advance_ap","CMS-2017-0163-0561-0",0.071359132287636
"2019Advance_ap","CMS-2017-0163-0869-0",0.0711139863273861
"2019Advance_ap","CMS-2017-0163-0777-0",0.0709822810634795
"2019Advance_ap","CMS-2017-0163-0272-0",0.0708344878894171
"2019Advance_ap","CMS-2017-0163-0547-0",0.0705213581910924
"2019Advance_ap","CMS-2017-0163-0157-0",0.0704098433129676
"2019Advance_ap","CMS-2017-0163-0454-0",0.0703818076901842
"2019Advance_ap","CMS-2017-0163-0807-0",0.0703760502066932
"2019Advance_ap","CMS-2017-0163-0248-0",0.070146928762777
"2019Advance_ap","CMS-2017-0163-0298-0",0.0701004369650304
"2019Advance_ap","CMS-2017-0163-0963-0",0.0699274084684251
"2019Advance_ap","CMS-2017-0163-0435-0",0.0699002227049607
"2019Advance_ap","CMS-2017-0163-0196-0",0.069407454074427
"2019Advance_ap","CMS-2017-0163-0340-0",0.0692077240368925
"2019Advance_ap","CMS-2017-0163-0017-0",0.0691210824650556
"2019Advance_ap","CMS-2017-0163-1031-0",0.0689908567721737
"2019Advance_ap","CMS-2017-0163-0945-0",0.0689721727148596
"2019Advance_ap","CMS-2017-0163-0222-0",0.0689156346821135
"2019Advance_ap","CMS-2017-0163-0106-0",0.0688968152398225
"2019Advance_ap","CMS-2017-0163-0190-0",0.0684264034351296
"2019Advance_ap","CMS-2017-0163-0027-0",0.0683484009632989
"2019Advance_ap","CMS-2017-0163-0911-0",0.0681194765767752
"2019Advance_ap","CMS-2017-0163-0651-0",0.0681170208564031
"2019Advance_ap","CMS-2017-0163-0998-0",0.0679862956526801
"2019Advance_ap","CMS-2017-0163-0969-2",0.067701777783556
"2019Advance_ap","CMS-2017-0163-0867-0",0.0676947082041402
"2019Advance_ap","CMS-2017-0163-0583-0",0.0674898489575271
"2019Advance_ap","CMS-2017-0163-0315-0",0.0669256605938545
"2019Advance_ap","CMS-2017-0163-0261-0",0.0668603990857986
"2019Advance_ap","CMS-2017-0163-0466-0",0.0668165075422571
"2019Advance_ap","CMS-2017-0163-0368-0",0.0666701073534602
"2019Advance_ap","CMS-2017-0163-0507-0",0.066432383552326
"2019Advance_ap","CMS-2017-0163-0793-0",0.0664101334143353
"2019Advance_ap","CMS-2017-0163-0208-0",0.0663211402321147
"2019Advance_ap","CMS-2017-0163-0469-0",0.0658948681324497
"2019Advance_ap","CMS-2017-0163-0189-4",0.0653926725635654
"2019Advance_ap","CMS-2017-0163-0778-1",0.0653926725635654
"2019Advance_ap","CMS-2017-0163-0969-1",0.0653075982511227
"2019Advance_ap","CMS-2017-0163-0120-0",0.0652235572933295
"2019Advance_ap","CMS-2017-0163-0390-0",0.0651902217155694
"2019Advance_ap","CMS-2017-0163-0891-0",0.0651837641402379
"2019Advance_ap","CMS-2017-0163-0458-0",0.0651618040639379
"2019Advance_ap","CMS-2017-0163-0441-0",0.0650045373301879
"2019Advance_ap","CMS-2017-0163-1067-0",0.0644805962004297
"2019Advance_ap","CMS-2017-0163-0617-0",0.0643094468994457
"2019Advance_ap","CMS-2017-0163-0326-0",0.0642297458456674
"2019Advance_ap","CMS-2017-0163-0751-0",0.0641496842607052
"2019Advance_ap","CMS-2017-0163-0463-0",0.0635479365349873
"2019Advance_ap","CMS-2017-0163-0186-0",0.063313838612283
"2019Advance_ap","CMS-2017-0163-0159-0",0.0632277622155496
"2019Advance_ap","CMS-2017-0163-0320-0",0.0629929543918688
"2019Advance_ap","CMS-2017-0163-0318-0",0.06289967778978
"2019Advance_ap","CMS-2017-0163-0331-0",0.0627932593170687
"2019Advance_ap","CMS-2017-0163-0241-0",0.0627263522123684
"2019Advance_ap","CMS-2017-0163-0346-0",0.0626457547969133
"2019Advance_ap","CMS-2017-0163-0851-0",0.0623893275979917
"2019Advance_ap","CMS-2017-0163-0628-0",0.0623702969361803
"2019Advance_ap","CMS-2017-0163-0310-0",0.0622628986798593
"2019Advance_ap","CMS-2017-0163-0991-0",0.0622319813194075
"2019Advance_ap","CMS-2017-0163-0073-0",0.0620203974633704
"2019Advance_ap","CMS-2017-0163-0049-0",0.0618942824183567
"2019Advance_ap","CMS-2017-0163-0840-0",0.0617722847069854
"2019Advance_ap","CMS-2017-0163-1184-0",0.0615716077463461
"2019Advance_ap","CMS-2017-0163-0043-0",0.0612036951308173
"2019Advance_ap","CMS-2017-0163-0599-0",0.0610746402948885
"2019Advance_ap","CMS-2017-0163-0204-0",0.0608616835930137
"2019Advance_ap","CMS-2017-0163-0966-0",0.0606820659709949
"2019Advance_ap","CMS-2017-0163-0670-0",0.0606590314353467
"2019Advance_ap","CMS-2017-0163-0609-0",0.06044208914817
"2019Advance_ap","CMS-2017-0163-0968-0",0.0603292145264525
"2019Advance_ap","CMS-2017-0163-0481-0",0.0602580864707608
"2019Advance_ap","CMS-2017-0163-1025-0",0.0599241572107709
"2019Advance_ap","CMS-2017-0163-0374-0",0.0597285056749256
"2019Advance_ap","CMS-2017-0163-0094-4",0.0597271080983066
"2019Advance_ap","CMS-2017-0163-1011-5",0.0597271080983066
"2019Advance_ap","CMS-2017-0163-0513-0",0.0595877199107871
"2019Advance_ap","CMS-2017-0163-0969-3",0.0595426210641159
"2019Advance_ap","CMS-2017-0163-0257-0",0.059284312137911
"2019Advance_ap","CMS-2017-0163-0376-0",0.0590367232207004
"2019Advance_ap","CMS-2017-0163-0136-0",0.0588500429730538
"2019Advance_ap","CMS-2017-0163-0055-0",0.0588351519976164
"2019Advance_ap","CMS-2017-0163-0034-0",0.0587422211711107
"2019Advance_ap","CMS-2017-0163-0149-0",0.058701086550181
"2019Advance_ap","CMS-2017-0163-0706-0",0.0586516256392184
"2019Advance_ap","CMS-2017-0163-0429-0",0.0584709226074776
"2019Advance_ap","CMS-2017-0163-0814-0",0.0584138011875361
"2019Advance_ap","CMS-2017-0163-0505-0",0.0582512065189541
"2019Advance_ap","CMS-2017-0163-0660-0",0.0581578724705206
"2019Advance_ap","CMS-2017-0163-0582-0",0.0579306932811827
"2019Advance_ap","CMS-2017-0163-0154-0",0.057853515491132
"2019Advance_ap","CMS-2017-0163-0780-0",0.0578364546178927
"2019Advance_ap","CMS-2017-0163-0603-0",0.0574459917197675
"2019Advance_ap","CMS-2017-0163-0213-0",0.0572548349112099
"2019Advance_ap","CMS-2017-0163-0579-0",0.0571098970400891
"2019Advance_ap","CMS-2017-0163-0506-0",0.0567472364471496
"2019Advance_ap","CMS-2017-0163-0472-0",0.0565454483650955
"2019Advance_ap","CMS-2017-0163-0277-0",0.0564750808768747
"2019Advance_ap","CMS-2017-0163-0726-0",0.0563749845311666
"2019Advance_ap","CMS-2017-0163-0152-0",0.056368866056069
"2019Advance_ap","CMS-2017-0163-0231-0",0.0563446264350271
"2019Advance_ap","CMS-2017-0163-0695-0",0.0561092380457802
"2019Advance_ap","CMS-2017-0163-1109-0",0.0560808055965735
"2019Advance_ap","CMS-2017-0163-1024-0",0.0559858298135086
"2019Advance_ap","CMS-2017-0163-0960-0",0.0558539431054356
"2019Advance_ap","CMS-2017-0163-0053-0",0.0557374645122358
"2019Advance_ap","CMS-2017-0163-0357-0",0.0556031378229562
"2019Advance_ap","CMS-2017-0163-0648-0",0.0549140721890701
"2019Advance_ap","CMS-2017-0163-0858-0",0.054864062131327
"2019Advance_ap","CMS-2017-0163-0408-0",0.0548376333196351
"2019Advance_ap","CMS-2017-0163-0532-0",0.0545230054411131
"2019Advance_ap","CMS-2017-0163-0585-0",0.0544357289954782
"2019Advance_ap","CMS-2017-0163-0629-0",0.0544134785154706
"2019Advance_ap","CMS-2017-0163-0766-0",0.0528932481473025
"2019Advance_ap","CMS-2017-0163-0581-0",0.0528237344107039
"2019Advance_ap","CMS-2017-0163-0756-0",0.0526669535030943
"2019Advance_ap","CMS-2017-0163-1062-0",0.052509487560501
"2019Advance_ap","CMS-2017-0163-0456-0",0.0522582759520766
"2019Advance_ap","CMS-2017-0163-0478-0",0.0517304976412759
"2019Advance_ap","CMS-2017-0163-0675-0",0.0514478525539087
"2019Advance_ap","CMS-2017-0163-1026-0",0.0511737030948367
"2019Advance_ap","CMS-2017-0163-0613-0",0.0510586617092545
"2019Advance_ap","CMS-2017-0163-1001-0",0.0509855717628458
"2019Advance_ap","CMS-2017-0163-0236-0",0.0505660546709123
"2019Advance_ap","CMS-2017-0163-0206-0",0.0504882008069232
"2019Advance_ap","CMS-2017-0163-0029-0",0.050237334414227
"2019Advance_ap","CMS-2017-0163-0703-0",0.049971159910078
"2019Advance_ap","CMS-2017-0163-0511-0",0.0497086704277377
"2019Advance_ap","CMS-2017-0163-0996-0",0.0496040027092767
"2019Advance_ap","CMS-2017-0163-0602-0",0.0490979858614084
"2019Advance_ap","CMS-2017-0163-0614-0",0.0489451612502377
"2019Advance_ap","CMS-2017-0163-0610-0",0.0484673663610175
"2019Advance_ap","CMS-2017-0163-0634-0",0.0483302057124072
"2019Advance_ap","CMS-2017-0163-0188-0",0.0482691666555271
"2019Advance_ap","CMS-2017-0163-0262-0",0.0479050757082288
"2019Advance_ap","CMS-2017-0163-0633-0",0.0478625590581657
"2019Advance_ap","CMS-2017-0163-0994-0",0.0477596879028897
"2019Advance_ap","CMS-2017-0163-0758-0",0.0475894388740864
"2019Advance_ap","CMS-2017-0163-0178-0",0.0471234547026763
"2019Advance_ap","CMS-2017-0163-0503-0",0.0470543830920808
"2019Advance_ap","CMS-2017-0163-0667-0",0.046563104955098
"2019Advance_ap","CMS-2017-0163-0229-0",0.0465391891166201
"2019Advance_ap","CMS-2017-0163-0490-0",0.0464822802023473
"2019Advance_ap","CMS-2017-0163-1011-3",0.0460200129258919
"2019Advance_ap","CMS-2017-0163-0586-0",0.0458068965842382
"2019Advance_ap","CMS-2017-0163-0808-0",0.0448171124492781
"2019Advance_ap","CMS-2017-0163-1100-0",0.0445893366646951
"2019Advance_ap","CMS-2017-0163-0702-0",0.0443934610072979
"2019Advance_ap","CMS-2017-0163-0811-0",0.0442646539077766
"2019Advance_ap","CMS-2017-0163-0848-0",0.0437480284257386
"2019Advance_ap","CMS-2017-0163-0005-0",0.0436251184919825
"2019Advance_ap","CMS-2017-0163-1073-0",0.0433621596012788
"2019Advance_ap","CMS-2017-0163-0818-0",0.0433411806656329
"2019Advance_ap","CMS-2017-0163-0483-0",0.0432681154837601
"2019Advance_ap","CMS-2017-0163-0040-0",0.043110256625604
"2019Advance_ap","CMS-2017-0163-0775-0",0.0429811464702754
"2019Advance_ap","CMS-2017-0163-1117-0",0.0419400806388155
"2019Advance_ap","CMS-2017-0163-0105-0",0.0418941726725956
"2019Advance_ap","CMS-2017-0163-0125-0",0.0416019135184547
"2019Advance_ap","CMS-2017-0163-0826-0",0.0413451858779812
"2019Advance_ap","CMS-2017-0163-1028-0",0.0413074145122308
"2019Advance_ap","CMS-2017-0163-0916-0",0.0410869791002674
"2019Advance_ap","CMS-2017-0163-0925-0",0.0410477384975641
"2019Advance_ap","CMS-2017-0163-0456-1",0.0409827786240722
"2019Advance_ap","CMS-2017-0163-0365-0",0.0409221149732191
"2019Advance_ap","CMS-2017-0163-0910-0",0.0407603189970882
"2019Advance_ap","CMS-2017-0163-0985-0",0.0406747271131937
"2019Advance_ap","CMS-2017-0163-0107-0",0.0404795266433437
"2019Advance_ap","CMS-2017-0163-0353-0",0.0395423008669167
"2019Advance_ap","CMS-2017-0163-0785-0",0.0395414872309561
"2019Advance_ap","CMS-2017-0163-0502-0",0.0388664577078384
"2019Advance_ap","CMS-2017-0163-0684-0",0.0388583630586394
"2019Advance_ap","CMS-2017-0163-0177-0",0.0386117176622921
"2019Advance_ap","CMS-2017-0163-0519-1",0.0385897241744531
"2019Advance_ap","CMS-2017-0163-0546-0",0.0383726335204064
"2019Advance_ap","CMS-2017-0163-0535-0",0.0383698097961224
"2019Advance_ap","CMS-2017-0163-0181-0",0.038235585213117
"2019Advance_ap","CMS-2017-0163-0427-0",0.037858870753043
"2019Advance_ap","CMS-2017-0163-0015-0",0.0374521120708598
"2019Advance_ap","CMS-2017-0163-1187-0",0.0370175625140865
"2019Advance_ap","CMS-2017-0163-0672-0",0.0369761610979865
"2019Advance_ap","CMS-2017-0163-1080-0",0.0368363692454428
"2019Advance_ap","CMS-2017-0163-0484-0",0.0366482936596793
"2019Advance_ap","CMS-2017-0163-0168-0",0.0363328480598834
"2019Advance_ap","CMS-2017-0163-0626-0",0.0361046155063312
"2019Advance_ap","CMS-2017-0163-0649-0",0.0358918469570981
"2019Advance_ap","CMS-2017-0163-0973-0",0.0340982135839561
"2019Advance_ap","CMS-2017-0163-0560-0",0.0338668683029864
"2019Advance_ap","CMS-2017-0163-0757-1",0.0329383395283107
"2019Advance_ap","CMS-2017-0163-0733-1",0.032824685475334
"2019Advance_ap","CMS-2017-0163-0432-0",0.032776070762761
"2019Advance_ap","CMS-2017-0163-0323-0",0.0324877521418641
"2019Advance_ap","CMS-2017-0163-0977-0",0.0324358256185215
"2019Advance_ap","CMS-2017-0163-0722-0",0.0323226153386616
"2019Advance_ap","CMS-2017-0163-1085-0",0.0319755933948416
"2019Advance_ap","CMS-2017-0163-0098-0",0.0316338406935334
"2019Advance_ap","CMS-2017-0163-0715-0",0.0315556309969703
"2019Advance_ap","CMS-2017-0163-0189-7",0.0314432975055796
"2019Advance_ap","CMS-2017-0163-0485-0",0.0309612780897749
"2019Advance_ap","CMS-2017-0163-0189-9",0.0308642510436836
"2019Advance_ap","CMS-2017-0163-0710-0",0.0306134587490642
"2019Advance_ap","CMS-2017-0163-0578-0",0.0306025221423679
"2019Advance_ap","CMS-2017-0163-0857-0",0.0304670509869681
"2019Advance_ap","CMS-2017-0163-0135-0",0.029848979627773
"2019Advance_ap","CMS-2017-0163-0031-0",0.0292389769276777
"2019Advance_ap","CMS-2017-0163-0908-0",0.0287899991382735
"2019Advance_ap","CMS-2017-0163-0723-0",0.0284387074454328
"2019Advance_ap","CMS-2017-0163-0593-0",0.0283916362191881
"2019Advance_ap","CMS-2017-0163-0189-10",0.0279686688274784
"2019Advance_ap","CMS-2017-0163-0398-0",0.0273222865256058
"2019Advance_ap","CMS-2017-0163-0302-0",0.0269933497728546
"2019Advance_ap","CMS-2017-0163-0246-0",0.0269579893719311
"2019Advance_ap","CMS-2017-0163-0572-0",0.0257596987730369
"2019Advance_ap","CMS-2017-0163-0534-0",0.0255625763824006
"2019Advance_ap","CMS-2017-0163-0223-0",0.0254593933911014
"2019Advance_ap","CMS-2017-0163-0303-0",0.0253441925160285
"2019Advance_ap","CMS-2017-0163-0145-0",0.0246209747828266
"2019Advance_ap","CMS-2017-0163-0588-0",0.0238449329100654
"2019Advance_ap","CMS-2017-0163-0900-0",0.0237669577505215
"2019Advance_ap","CMS-2017-0163-0057-0",0.0226988945788598
"2019Advance_ap","CMS-2017-0163-0433-0",0.0226687300686656
"2019Advance_ap","CMS-2017-0163-0189-6",0.0213113834899725
"2019Advance_ap","CMS-2017-0163-0778-3",0.0213113834899725
"2019Advance_ap","CMS-2017-0163-0189-8",0.0207086518823066
"2019Advance_ap","CMS-2017-0163-1192-0",0.0202753540128228
"2019Advance_ap","CMS-2017-0163-0403-0",0.0200925650429688
"2019Advance_ap","CMS-2017-0163-0151-0",0.0190163114218216
"2019Advance_ap","CMS-2017-0163-1193-0",0.0189294353765215
"2019Advance_ap","CMS-2017-0163-0650-0",0.0184506451487964
"2019Advance_ap","CMS-2017-0163-0850-1",0.0180317891411259
"2019Advance_ap","CMS-2017-0163-0148-0",0.0177944562269929
"2019Advance_ap","CMS-2017-0163-0669-0",0.0173034035086552
"2019Advance_ap","CMS-2017-0163-1097-0",0.0170014011902044
"2019Advance_ap","CMS-2017-0163-0828-0",0.0168054778684396
"2019Advance_ap","CMS-2017-0163-0499-0",0.0164275910083339
"2019Advance_ap","CMS-2017-0163-0678-0",0.0160290747616887
"2019Advance_ap","CMS-2017-0163-0452-0",0.0158796930103042
"2019Advance_ap","CMS-2017-0163-0566-0",0.0158379429314464
"2019Advance_ap","CMS-2017-0163-0522-0",0.015597240897506
"2019Advance_ap","CMS-2017-0163-0021-0",0.0150083606061105
"2019Advance_ap","CMS-2017-0163-0544-0",0.0145378132878202
"2019Advance_ap","CMS-2017-0163-0870-0",0.0139102373374399
"2019Advance_ap","CMS-2017-0163-0790-0",0.0135238418558444
"2019Advance_ap","CMS-2017-0163-0279-0",0.011686936984632
"2019Advance_ap","CMS-2017-0163-0202-0",0.0110024606723619
"2019Advance_ap","CMS-2017-0163-0616-0",0.00518787798626717
"2019Advance_ap","CMS-2017-0163-0959-0",0.00489434276687702
"2019Advance_ap","CMS-2017-0163-1051-0",0.00428395042751603
"2019Advance_ap","CMS-2017-0163-1032-0",0.00414723150262285
"2019Advance_ap","CMS-2017-0163-0094-2",0
"2019Advance_ap","CMS-2017-0163-0189-2",0
"2019Advance_ap","CMS-2017-0163-0366-1",0
"2019Advance_ap","CMS-2017-0163-1011-6",0
