"Document.ID","n.x","n.y","percent.misspelled"
"CMS-2017-0163-0189-2",1,1,1
"CMS-2017-0163-0366-1",9,8,0.888888888888889
"CMS-2017-0163-0733-1",95,70,0.736842105263158
"CMS-2017-0163-0456-1",80,52,0.65
"CMS-2017-0163-0969-1",108,70,0.648148148148148
"CMS-2017-0163-1189-3",141,79,0.560283687943262
"CMS-2017-0163-0733-2",198,99,0.5
"CMS-2017-0163-0189-4",51,24,0.470588235294118
"CMS-2017-0163-0778-1",51,24,0.470588235294118
"CMS-2017-0163-0969-3",42,19,0.452380952380952
"CMS-2017-0163-0094-1",24,10,0.416666666666667
"CMS-2017-0163-1011-2",24,10,0.416666666666667
"CMS-2017-0163-1011-3",47,19,0.404255319148936
"CMS-2017-0163-1189-4",114,46,0.403508771929825
"CMS-2017-0163-0519-1",177,71,0.401129943502825
"CMS-2017-0163-0969-2",58,23,0.396551724137931
"CMS-2017-0163-0094-4",57,22,0.385964912280702
"CMS-2017-0163-1011-5",57,22,0.385964912280702
"CMS-2017-0163-1163-1",93,33,0.354838709677419
"CMS-2017-0163-0807-0",58,20,0.344827586206897
"CMS-2017-0163-0189-8",32,11,0.34375
"CMS-2017-0163-0757-1",50,16,0.32
"CMS-2017-0163-0189-10",32,10,0.3125
"CMS-2017-0163-1163-8",250,73,0.292
"CMS-2017-0163-0391-7",5426,1584,0.291927755252488
"CMS-2017-0163-1163-11",279,81,0.290322580645161
"CMS-2017-0163-0708-0",7,2,0.285714285714286
"CMS-2017-0163-1085-0",11,3,0.272727272727273
"CMS-2017-0163-0189-9",37,10,0.27027027027027
"CMS-2017-0163-0057-0",32,8,0.25
"CMS-2017-0163-0094-3",119,28,0.235294117647059
"CMS-2017-0163-0189-7",34,8,0.235294117647059
"CMS-2017-0163-1011-4",119,28,0.235294117647059
"CMS-2017-0163-0236-0",13,3,0.230769230769231
"CMS-2017-0163-0518-1",4898,1086,0.221723152307064
"CMS-2017-0163-0393-1",585,128,0.218803418803419
"CMS-2017-0163-0381-1",1323,286,0.216175359032502
"CMS-2017-0163-1040-3",502,108,0.215139442231076
"CMS-2017-0163-0215-0",33,7,0.212121212121212
"CMS-2017-0163-0811-0",99,21,0.212121212121212
"CMS-2017-0163-1088-1",1046,213,0.203632887189293
"CMS-2017-0163-0858-0",59,12,0.203389830508475
"CMS-2017-0163-0035-0",10,2,0.2
"CMS-2017-0163-0198-0",25,5,0.2
"CMS-2017-0163-0297-0",35,7,0.2
"CMS-2017-0163-0956-1",1769,350,0.197851893725269
"CMS-2017-0163-0634-1",1111,219,0.197119711971197
"CMS-2017-0163-0521-1",3266,638,0.195345988977342
"CMS-2017-0163-0702-0",41,8,0.195121951219512
"CMS-2017-0163-0618-1",769,150,0.195058517555267
"CMS-2017-0163-0739-1",353,68,0.192634560906516
"CMS-2017-0163-1141-1",923,176,0.19068255687974
"CMS-2017-0163-0523-1",3104,588,0.189432989690722
"CMS-2017-0163-0110-0",493,93,0.188640973630832
"CMS-2017-0163-0974-1",259,48,0.185328185328185
"CMS-2017-0163-0059-1",851,156,0.18331374853114
"CMS-2017-0163-0005-0",22,4,0.181818181818182
"CMS-2017-0163-0048-0",22,4,0.181818181818182
"CMS-2017-0163-0480-0",11,2,0.181818181818182
"CMS-2017-0163-0391-2",268,47,0.175373134328358
"CMS-2017-0163-1091-1",440,76,0.172727272727273
"CMS-2017-0163-0956-2",1810,308,0.170165745856354
"CMS-2017-0163-1187-0",6,1,0.166666666666667
"CMS-2017-0163-0429-1",247,41,0.165991902834008
"CMS-2017-0163-0310-0",139,23,0.165467625899281
"CMS-2017-0163-0504-0",200,33,0.165
"CMS-2017-0163-1163-4",319,52,0.163009404388715
"CMS-2017-0163-0137-0",129,21,0.162790697674419
"CMS-2017-0163-0687-1",557,90,0.161579892280072
"CMS-2017-0163-0974-0",254,41,0.161417322834646
"CMS-2017-0163-0213-0",25,4,0.16
"CMS-2017-0163-0238-0",127,20,0.15748031496063
"CMS-2017-0163-1040-2",1143,180,0.15748031496063
"CMS-2017-0163-0935-1",83,13,0.156626506024096
"CMS-2017-0163-0731-1",2066,323,0.156340755082285
"CMS-2017-0163-0190-0",45,7,0.155555555555556
"CMS-2017-0163-0553-0",116,18,0.155172413793103
"CMS-2017-0163-1176-1",446,69,0.154708520179372
"CMS-2017-0163-0029-0",52,8,0.153846153846154
"CMS-2017-0163-1095-1",204,31,0.151960784313725
"CMS-2017-0163-0847-0",33,5,0.151515151515152
"CMS-2017-0163-0686-1",802,121,0.150872817955112
"CMS-2017-0163-1040-1",1064,160,0.150375939849624
"CMS-2017-0163-0292-0",20,3,0.15
"CMS-2017-0163-0737-1",481,72,0.14968814968815
"CMS-2017-0163-0727-1",2187,325,0.148605395518976
"CMS-2017-0163-0578-0",27,4,0.148148148148148
"CMS-2017-0163-0581-0",27,4,0.148148148148148
"CMS-2017-0163-0642-1",4923,729,0.148080438756856
"CMS-2017-0163-0924-1",4923,729,0.148080438756856
"CMS-2017-0163-0073-0",311,46,0.147909967845659
"CMS-2017-0163-1184-1",496,73,0.147177419354839
"CMS-2017-0163-0003-0",34,5,0.147058823529412
"CMS-2017-0163-1092-1",375,55,0.146666666666667
"CMS-2017-0163-0332-1",505,74,0.146534653465347
"CMS-2017-0163-1187-1",499,73,0.146292585170341
"CMS-2017-0163-0406-1",2654,386,0.145440844009043
"CMS-2017-0163-1182-1",2694,390,0.144766146993318
"CMS-2017-0163-1181-1",458,66,0.14410480349345
"CMS-2017-0163-1060-1",382,55,0.143979057591623
"CMS-2017-0163-0837-2",4300,616,0.143255813953488
"CMS-2017-0163-0426-1",1050,150,0.142857142857143
"CMS-2017-0163-0596-0",7,1,0.142857142857143
"CMS-2017-0163-0649-0",7,1,0.142857142857143
"CMS-2017-0163-0738-1",211,30,0.14218009478673
"CMS-2017-0163-1077-1",2885,408,0.141421143847487
"CMS-2017-0163-1150-1",1634,231,0.141370869033048
"CMS-2017-0163-0708-1",1074,148,0.13780260707635
"CMS-2017-0163-1185-1",873,120,0.13745704467354
"CMS-2017-0163-1190-3",873,120,0.13745704467354
"CMS-2017-0163-1145-0",350,48,0.137142857142857
"CMS-2017-0163-1061-1",263,36,0.136882129277567
"CMS-2017-0163-1130-1",4270,584,0.136768149882904
"CMS-2017-0163-1064-1",417,57,0.136690647482014
"CMS-2017-0163-1127-1",4121,562,0.136374666343121
"CMS-2017-0163-0261-0",81,11,0.135802469135802
"CMS-2017-0163-0307-1",2003,272,0.135796305541687
"CMS-2017-0163-0373-0",37,5,0.135135135135135
"CMS-2017-0163-0513-0",89,12,0.134831460674157
"CMS-2017-0163-1090-1",980,132,0.13469387755102
"CMS-2017-0163-1079-1",1725,232,0.134492753623188
"CMS-2017-0163-0717-0",164,22,0.134146341463415
"CMS-2017-0163-0734-1",2742,367,0.133843909555069
"CMS-2017-0163-1140-1",1833,245,0.133660665575559
"CMS-2017-0163-0002-0",15,2,0.133333333333333
"CMS-2017-0163-0471-1",4090,541,0.132273838630807
"CMS-2017-0163-1076-1",410,54,0.131707317073171
"CMS-2017-0163-0064-0",190,25,0.131578947368421
"CMS-2017-0163-0402-1",7683,1010,0.131459065469218
"CMS-2017-0163-0866-1",45538,5984,0.131406737230445
"CMS-2017-0163-0966-1",45538,5984,0.131406737230445
"CMS-2017-0163-0884-1",2148,282,0.131284916201117
"CMS-2017-0163-0515-0",221,29,0.131221719457014
"CMS-2017-0163-0742-1",1476,193,0.130758807588076
"CMS-2017-0163-0544-0",23,3,0.130434782608696
"CMS-2017-0163-0898-0",23,3,0.130434782608696
"CMS-2017-0163-0905-1",652,85,0.130368098159509
"CMS-2017-0163-1056-1",407,53,0.13022113022113
"CMS-2017-0163-0117-0",85,11,0.129411764705882
"CMS-2017-0163-0751-0",31,4,0.129032258064516
"CMS-2017-0163-1072-1",1655,213,0.128700906344411
"CMS-2017-0163-0398-1",507,65,0.128205128205128
"CMS-2017-0163-0659-0",78,10,0.128205128205128
"CMS-2017-0163-1111-1",289,37,0.1280276816609
"CMS-2017-0163-0404-1",290,37,0.127586206896552
"CMS-2017-0163-1112-1",2375,302,0.127157894736842
"CMS-2017-0163-0747-2",1102,140,0.127041742286751
"CMS-2017-0163-1147-1",307,39,0.127035830618893
"CMS-2017-0163-0389-1",1567,199,0.126994256541161
"CMS-2017-0163-0263-0",419,53,0.126491646778043
"CMS-2017-0163-0676-0",479,60,0.125260960334029
"CMS-2017-0163-0105-0",8,1,0.125
"CMS-2017-0163-0122-0",24,3,0.125
"CMS-2017-0163-0189-6",8,1,0.125
"CMS-2017-0163-0262-0",32,4,0.125
"CMS-2017-0163-0295-0",480,60,0.125
"CMS-2017-0163-0778-3",8,1,0.125
"CMS-2017-0163-0848-0",8,1,0.125
"CMS-2017-0163-1188-1",2843,355,0.124868097080549
"CMS-2017-0163-1163-2",4725,588,0.124444444444444
"CMS-2017-0163-0144-0",201,25,0.124378109452736
"CMS-2017-0163-0500-1",1311,163,0.124332570556827
"CMS-2017-0163-1067-1",459,57,0.124183006535948
"CMS-2017-0163-1197-1",1105,137,0.123981900452489
"CMS-2017-0163-1126-1",15587,1930,0.123821132995445
"CMS-2017-0163-0505-0",81,10,0.123456790123457
"CMS-2017-0163-1194-1",3103,383,0.12342893973574
"CMS-2017-0163-0837-1",4547,560,0.123158126237079
"CMS-2017-0163-0332-0",448,55,0.122767857142857
"CMS-2017-0163-0126-0",49,6,0.122448979591837
"CMS-2017-0163-0625-0",482,59,0.122406639004149
"CMS-2017-0163-1159-1",11434,1394,0.121917089382543
"CMS-2017-0163-0561-0",115,14,0.121739130434783
"CMS-2017-0163-0760-1",502,61,0.121513944223108
"CMS-2017-0163-0316-1",1770,215,0.121468926553672
"CMS-2017-0163-0742-0",132,16,0.121212121212121
"CMS-2017-0163-0955-0",99,12,0.121212121212121
"CMS-2017-0163-0907-1",703,85,0.120910384068279
"CMS-2017-0163-0383-1",11217,1354,0.120709637157885
"CMS-2017-0163-0775-0",58,7,0.120689655172414
"CMS-2017-0163-0417-1",714,86,0.120448179271709
"CMS-2017-0163-1131-1",872,105,0.120412844036697
"CMS-2017-0163-1089-1",466,56,0.120171673819742
"CMS-2017-0163-0211-1",1082,130,0.120147874306839
"CMS-2017-0163-1178-1",591,71,0.120135363790186
"CMS-2017-0163-0614-0",50,6,0.12
"CMS-2017-0163-1168-1",951,114,0.1198738170347
"CMS-2017-0163-1169-1",4455,532,0.119416386083053
"CMS-2017-0163-0407-1",1776,212,0.119369369369369
"CMS-2017-0163-0922-1",528,63,0.119318181818182
"CMS-2017-0163-0101-1",151,18,0.119205298013245
"CMS-2017-0163-0981-1",235,28,0.119148936170213
"CMS-2017-0163-1118-1",278,33,0.118705035971223
"CMS-2017-0163-0539-0",93,11,0.118279569892473
"CMS-2017-0163-0788-0",110,13,0.118181818181818
"CMS-2017-0163-0306-1",2119,250,0.117980179329873
"CMS-2017-0163-1158-1",4751,560,0.117869922121659
"CMS-2017-0163-0230-0",34,4,0.117647058823529
"CMS-2017-0163-0472-0",102,12,0.117647058823529
"CMS-2017-0163-0892-0",119,14,0.117647058823529
"CMS-2017-0163-0805-0",298,35,0.11744966442953
"CMS-2017-0163-1121-1",435,51,0.117241379310345
"CMS-2017-0163-1097-1",538,63,0.117100371747212
"CMS-2017-0163-0403-1",3898,454,0.116469984607491
"CMS-2017-0163-0484-0",43,5,0.116279069767442
"CMS-2017-0163-0425-1",553,64,0.115732368896926
"CMS-2017-0163-0523-0",147,17,0.115646258503401
"CMS-2017-0163-1068-1",710,82,0.115492957746479
"CMS-2017-0163-1156-1",3752,433,0.115405117270789
"CMS-2017-0163-0055-0",26,3,0.115384615384615
"CMS-2017-0163-0164-0",26,3,0.115384615384615
"CMS-2017-0163-0217-0",26,3,0.115384615384615
"CMS-2017-0163-0599-0",52,6,0.115384615384615
"CMS-2017-0163-0973-0",52,6,0.115384615384615
"CMS-2017-0163-1106-1",2036,233,0.114440078585462
"CMS-2017-0163-0015-0",35,4,0.114285714285714
"CMS-2017-0163-0391-4",1130,129,0.114159292035398
"CMS-2017-0163-1138-1",432,49,0.113425925925926
"CMS-2017-0163-0018-0",53,6,0.113207547169811
"CMS-2017-0163-0282-0",398,45,0.113065326633166
"CMS-2017-0163-0836-0",186,21,0.112903225806452
"CMS-2017-0163-1113-1",975,110,0.112820512820513
"CMS-2017-0163-0212-0",80,9,0.1125
"CMS-2017-0163-0709-0",125,14,0.112
"CMS-2017-0163-0517-1",1384,155,0.111994219653179
"CMS-2017-0163-0863-0",143,16,0.111888111888112
"CMS-2017-0163-0391-3",2947,329,0.111638954869359
"CMS-2017-0163-0848-1",899,100,0.111234705228031
"CMS-2017-0163-0040-0",117,13,0.111111111111111
"CMS-2017-0163-0128-0",18,2,0.111111111111111
"CMS-2017-0163-0149-0",36,4,0.111111111111111
"CMS-2017-0163-0859-0",18,2,0.111111111111111
"CMS-2017-0163-1081-1",5159,572,0.110874200426439
"CMS-2017-0163-0520-1",803,89,0.110834371108344
"CMS-2017-0163-1080-1",2106,233,0.110636277302944
"CMS-2017-0163-0844-0",398,44,0.110552763819095
"CMS-2017-0163-1120-1",5763,635,0.110185667187229
"CMS-2017-0163-0401-1",1994,219,0.109829488465396
"CMS-2017-0163-0573-0",146,16,0.10958904109589
"CMS-2017-0163-0576-0",146,16,0.10958904109589
"CMS-2017-0163-1085-1",14649,1600,0.109222472523722
"CMS-2017-0163-1082-1",14649,1599,0.109154208478394
"CMS-2017-0163-1143-1",881,96,0.108967082860386
"CMS-2017-0163-0419-1",340,37,0.108823529411765
"CMS-2017-0163-1186-1",5897,641,0.10869933864677
"CMS-2017-0163-1129-1",1960,213,0.108673469387755
"CMS-2017-0163-1133-1",805,87,0.108074534161491
"CMS-2017-0163-1162-0",167,18,0.107784431137725
"CMS-2017-0163-1036-0",427,46,0.107728337236534
"CMS-2017-0163-0681-1",810,87,0.107407407407407
"CMS-2017-0163-0029-1",112,12,0.107142857142857
"CMS-2017-0163-1165-0",28,3,0.107142857142857
"CMS-2017-0163-0630-1",1467,157,0.107021131561009
"CMS-2017-0163-0620-0",75,8,0.106666666666667
"CMS-2017-0163-1173-1",769,82,0.106631989596879
"CMS-2017-0163-0254-0",141,15,0.106382978723404
"CMS-2017-0163-0416-1",527,56,0.106261859582543
"CMS-2017-0163-0337-0",113,12,0.106194690265487
"CMS-2017-0163-1174-1",991,105,0.105953582240161
"CMS-2017-0163-0873-0",321,34,0.105919003115265
"CMS-2017-0163-0721-0",246,26,0.105691056910569
"CMS-2017-0163-1104-1",1222,129,0.10556464811784
"CMS-2017-0163-0308-0",57,6,0.105263157894737
"CMS-2017-0163-0696-0",38,4,0.105263157894737
"CMS-2017-0163-0816-0",19,2,0.105263157894737
"CMS-2017-0163-1069-1",608,64,0.105263157894737
"CMS-2017-0163-1142-1",8868,930,0.104871447902571
"CMS-2017-0163-1075-1",1402,147,0.104850213980029
"CMS-2017-0163-1084-1",1488,156,0.104838709677419
"CMS-2017-0163-1132-1",1128,118,0.104609929078014
"CMS-2017-0163-1102-1",6616,689,0.104141475211608
"CMS-2017-0163-1096-1",770,80,0.103896103896104
"CMS-2017-0163-0784-0",126,13,0.103174603174603
"CMS-2017-0163-1030-1",504,52,0.103174603174603
"CMS-2017-0163-1146-1",1638,169,0.103174603174603
"CMS-2017-0163-1163-6",602,62,0.102990033222591
"CMS-2017-0163-0605-0",68,7,0.102941176470588
"CMS-2017-0163-1122-1",487,50,0.102669404517454
"CMS-2017-0163-0326-0",78,8,0.102564102564103
"CMS-2017-0163-1204-1",2425,248,0.102268041237113
"CMS-2017-0163-0759-1",5023,511,0.101732032649811
"CMS-2017-0163-0950-0",197,20,0.101522842639594
"CMS-2017-0163-0594-1",1972,200,0.101419878296146
"CMS-2017-0163-0961-0",89,9,0.101123595505618
"CMS-2017-0163-1157-1",864,87,0.100694444444444
"CMS-2017-0163-0887-1",487,49,0.100616016427105
"CMS-2017-0163-0300-1",889,89,0.100112485939258
"CMS-2017-0163-0365-0",100,10,0.1
"CMS-2017-0163-0421-0",80,8,0.1
"CMS-2017-0163-0531-0",100,10,0.1
"CMS-2017-0163-0762-0",80,8,0.1
"CMS-2017-0163-1070-1",8296,826,0.099566055930569
"CMS-2017-0163-1148-1",1247,124,0.0994386527666399
"CMS-2017-0163-1123-1",7849,780,0.0993757166518028
"CMS-2017-0163-0423-0",111,11,0.0990990990990991
"CMS-2017-0163-1192-1",545,54,0.0990825688073395
"CMS-2017-0163-1058-1",192,19,0.0989583333333333
"CMS-2017-0163-1031-0",162,16,0.0987654320987654
"CMS-2017-0163-0648-0",71,7,0.0985915492957746
"CMS-2017-0163-1164-1",4030,396,0.0982630272952854
"CMS-2017-0163-0152-0",102,10,0.0980392156862745
"CMS-2017-0163-0343-0",51,5,0.0980392156862745
"CMS-2017-0163-0864-0",102,10,0.0980392156862745
"CMS-2017-0163-0474-1",653,64,0.0980091883614089
"CMS-2017-0163-1175-1",909,89,0.0979097909790979
"CMS-2017-0163-0498-0",205,20,0.0975609756097561
"CMS-2017-0163-0518-0",123,12,0.0975609756097561
"CMS-2017-0163-0266-0",134,13,0.0970149253731343
"CMS-2017-0163-0056-0",31,3,0.0967741935483871
"CMS-2017-0163-0534-0",31,3,0.0967741935483871
"CMS-2017-0163-1195-1",683,66,0.0966325036603221
"CMS-2017-0163-1161-1",5214,503,0.0964710395090142
"CMS-2017-0163-0382-1",643,62,0.0964230171073095
"CMS-2017-0163-1167-1",1806,174,0.0963455149501661
"CMS-2017-0163-0585-0",135,13,0.0962962962962963
"CMS-2017-0163-1193-1",542,52,0.0959409594095941
"CMS-2017-0163-1101-1",1951,187,0.0958482829318298
"CMS-2017-0163-0917-1",261,25,0.0957854406130268
"CMS-2017-0163-1099-1",2772,265,0.0955988455988456
"CMS-2017-0163-1086-1",377,36,0.0954907161803713
"CMS-2017-0163-0249-0",84,8,0.0952380952380952
"CMS-2017-0163-0701-0",105,10,0.0952380952380952
"CMS-2017-0163-0930-1",126,12,0.0952380952380952
"CMS-2017-0163-0976-0",147,14,0.0952380952380952
"CMS-2017-0163-0330-1",158,15,0.0949367088607595
"CMS-2017-0163-0640-1",2404,227,0.0944259567387687
"CMS-2017-0163-0658-0",223,21,0.0941704035874439
"CMS-2017-0163-0102-0",170,16,0.0941176470588235
"CMS-2017-0163-0294-0",117,11,0.094017094017094
"CMS-2017-0163-0384-0",117,11,0.094017094017094
"CMS-2017-0163-0380-1",915,86,0.0939890710382514
"CMS-2017-0163-0743-0",298,28,0.0939597315436242
"CMS-2017-0163-0280-0",64,6,0.09375
"CMS-2017-0163-0675-0",32,3,0.09375
"CMS-2017-0163-0731-0",64,6,0.09375
"CMS-2017-0163-0413-1",547,51,0.093235831809872
"CMS-2017-0163-0944-0",118,11,0.0932203389830508
"CMS-2017-0163-1044-0",344,32,0.0930232558139535
"CMS-2017-0163-0477-0",97,9,0.0927835051546392
"CMS-2017-0163-0928-1",97,9,0.0927835051546392
"CMS-2017-0163-1163-9",3644,338,0.092755214050494
"CMS-2017-0163-1163-10",1467,136,0.092706203135651
"CMS-2017-0163-1136-1",1479,137,0.0926301555104801
"CMS-2017-0163-1155-1",1004,93,0.0926294820717131
"CMS-2017-0163-0286-1",865,80,0.092485549132948
"CMS-2017-0163-1098-1",1107,102,0.0921409214092141
"CMS-2017-0163-0612-0",87,8,0.0919540229885057
"CMS-2017-0163-0818-0",120,11,0.0916666666666667
"CMS-2017-0163-0989-0",186,17,0.0913978494623656
"CMS-2017-0163-0846-1",613,56,0.0913539967373573
"CMS-2017-0163-1198-1",1993,182,0.0913196186653286
"CMS-2017-0163-0941-1",581,53,0.0912220309810671
"CMS-2017-0163-0301-0",373,34,0.0911528150134048
"CMS-2017-0163-0025-0",77,7,0.0909090909090909
"CMS-2017-0163-0063-0",11,1,0.0909090909090909
"CMS-2017-0163-0138-0",22,2,0.0909090909090909
"CMS-2017-0163-0389-0",77,7,0.0909090909090909
"CMS-2017-0163-0546-0",22,2,0.0909090909090909
"CMS-2017-0163-0563-0",506,46,0.0909090909090909
"CMS-2017-0163-0619-0",44,4,0.0909090909090909
"CMS-2017-0163-0653-0",44,4,0.0909090909090909
"CMS-2017-0163-0795-0",165,15,0.0909090909090909
"CMS-2017-0163-0862-0",11,1,0.0909090909090909
"CMS-2017-0163-1051-0",11,1,0.0909090909090909
"CMS-2017-0163-1135-1",12483,1132,0.0906833293278859
"CMS-2017-0163-0264-0",210,19,0.0904761904761905
"CMS-2017-0163-0937-1",145,13,0.0896551724137931
"CMS-2017-0163-0586-1",759,68,0.0895915678524374
"CMS-2017-0163-0318-0",67,6,0.0895522388059701
"CMS-2017-0163-0535-0",112,10,0.0892857142857143
"CMS-2017-0163-0940-1",101,9,0.0891089108910891
"CMS-2017-0163-0550-0",146,13,0.089041095890411
"CMS-2017-0163-0744-1",776,69,0.0889175257731959
"CMS-2017-0163-1196-1",463,41,0.0885529157667387
"CMS-2017-0163-0013-0",159,14,0.0880503144654088
"CMS-2017-0163-1200-1",399,35,0.087719298245614
"CMS-2017-0163-0954-0",160,14,0.0875
"CMS-2017-0163-1189-2",36688,3209,0.0874672917575229
"CMS-2017-0163-1190-1",1088,95,0.0873161764705882
"CMS-2017-0163-0146-0",378,33,0.0873015873015873
"CMS-2017-0163-1177-1",1424,124,0.0870786516853933
"CMS-2017-0163-0223-0",23,2,0.0869565217391304
"CMS-2017-0163-0299-0",46,4,0.0869565217391304
"CMS-2017-0163-0588-0",23,2,0.0869565217391304
"CMS-2017-0163-0662-0",69,6,0.0869565217391304
"CMS-2017-0163-0889-1",1242,108,0.0869565217391304
"CMS-2017-0163-1183-1",4629,401,0.0866277813782674
"CMS-2017-0163-1125-1",2741,237,0.0864647938708501
"CMS-2017-0163-1152-1",1055,91,0.0862559241706161
"CMS-2017-0163-1115-1",1484,128,0.0862533692722372
"CMS-2017-0163-0902-0",58,5,0.0862068965517241
"CMS-2017-0163-0912-1",1497,129,0.0861723446893788
"CMS-2017-0163-0412-1",267,23,0.0861423220973783
"CMS-2017-0163-0899-1",1639,141,0.0860280658938377
"CMS-2017-0163-0019-0",93,8,0.0860215053763441
"CMS-2017-0163-0921-0",128,11,0.0859375
"CMS-2017-0163-0677-1",653,56,0.0857580398162328
"CMS-2017-0163-0020-0",35,3,0.0857142857142857
"CMS-2017-0163-0106-0",35,3,0.0857142857142857
"CMS-2017-0163-0634-0",70,6,0.0857142857142857
"CMS-2017-0163-1001-0",105,9,0.0857142857142857
"CMS-2017-0163-0530-0",187,16,0.0855614973262032
"CMS-2017-0163-0169-0",269,23,0.0855018587360595
"CMS-2017-0163-0938-1",117,10,0.0854700854700855
"CMS-2017-0163-0968-0",82,7,0.0853658536585366
"CMS-2017-0163-1165-1",1477,126,0.0853080568720379
"CMS-2017-0163-0695-0",47,4,0.0851063829787234
"CMS-2017-0163-0391-1",9071,770,0.0848859001212656
"CMS-2017-0163-1202-1",1084,92,0.0848708487084871
"CMS-2017-0163-0896-0",59,5,0.0847457627118644
"CMS-2017-0163-0312-0",130,11,0.0846153846153846
"CMS-2017-0163-0397-1",947,80,0.0844772967265048
"CMS-2017-0163-0086-0",640,54,0.084375
"CMS-2017-0163-1191-1",1047,88,0.0840496657115568
"CMS-2017-0163-0525-0",274,23,0.0839416058394161
"CMS-2017-0163-1149-1",490,41,0.0836734693877551
"CMS-2017-0163-1012-1",514,43,0.0836575875486381
"CMS-2017-0163-1160-1",646,54,0.0835913312693498
"CMS-2017-0163-1172-1",323,27,0.0835913312693498
"CMS-2017-0163-0242-0",144,12,0.0833333333333333
"CMS-2017-0163-0541-0",228,19,0.0833333333333333
"CMS-2017-0163-0715-0",36,3,0.0833333333333333
"CMS-2017-0163-0908-0",24,2,0.0833333333333333
"CMS-2017-0163-0964-0",48,4,0.0833333333333333
"CMS-2017-0163-0985-0",60,5,0.0833333333333333
"CMS-2017-0163-1163-7",348,29,0.0833333333333333
"CMS-2017-0163-1063-1",1637,136,0.0830788026878436
"CMS-2017-0163-0166-0",229,19,0.0829694323144105
"CMS-2017-0163-0556-0",133,11,0.0827067669172932
"CMS-2017-0163-0044-0",109,9,0.0825688073394495
"CMS-2017-0163-0240-0",97,8,0.0824742268041237
"CMS-2017-0163-0197-0",61,5,0.0819672131147541
"CMS-2017-0163-0548-0",171,14,0.0818713450292398
"CMS-2017-0163-0622-0",171,14,0.0818713450292398
"CMS-2017-0163-1171-1",1369,112,0.0818115412710007
"CMS-2017-0163-1028-0",49,4,0.0816326530612245
"CMS-2017-0163-0091-0",86,7,0.0813953488372093
"CMS-2017-0163-0901-0",445,36,0.0808988764044944
"CMS-2017-0163-0543-0",198,16,0.0808080808080808
"CMS-2017-0163-1087-0",297,24,0.0808080808080808
"CMS-2017-0163-0279-0",62,5,0.0806451612903226
"CMS-2017-0163-1116-1",2096,168,0.0801526717557252
"CMS-2017-0163-1163-3",4034,323,0.0800694100148736
"CMS-2017-0163-1059-1",2836,227,0.0800423131170663
"CMS-2017-0163-0098-0",25,2,0.08
"CMS-2017-0163-0618-0",25,2,0.08
"CMS-2017-0163-0799-0",100,8,0.08
"CMS-2017-0163-1119-1",3330,266,0.0798798798798799
"CMS-2017-0163-0131-0",288,23,0.0798611111111111
"CMS-2017-0163-0712-1",390,31,0.0794871794871795
"CMS-2017-0163-0833-1",416,33,0.0793269230769231
"CMS-2017-0163-0235-1",227,18,0.079295154185022
"CMS-2017-0163-0861-1",645,51,0.0790697674418605
"CMS-2017-0163-0559-0",253,20,0.0790513833992095
"CMS-2017-0163-0962-0",405,32,0.0790123456790123
"CMS-2017-0163-0390-0",114,9,0.0789473684210526
"CMS-2017-0163-0455-0",38,3,0.0789473684210526
"CMS-2017-0163-0502-0",38,3,0.0789473684210526
"CMS-2017-0163-1120-0",380,30,0.0789473684210526
"CMS-2017-0163-1166-1",6602,521,0.078915480157528
"CMS-2017-0163-0046-0",89,7,0.0786516853932584
"CMS-2017-0163-0171-0",433,34,0.0785219399538106
"CMS-2017-0163-0133-0",102,8,0.0784313725490196
"CMS-2017-0163-0607-0",102,8,0.0784313725490196
"CMS-2017-0163-0691-0",51,4,0.0784313725490196
"CMS-2017-0163-0953-0",268,21,0.0783582089552239
"CMS-2017-0163-0037-0",128,10,0.078125
"CMS-2017-0163-0468-0",205,16,0.0780487804878049
"CMS-2017-0163-0895-1",1907,148,0.0776088096486628
"CMS-2017-0163-0747-1",8449,655,0.0775239673334122
"CMS-2017-0163-0628-0",207,16,0.0772946859903382
"CMS-2017-0163-1109-1",1100,85,0.0772727272727273
"CMS-2017-0163-0595-0",298,23,0.0771812080536913
"CMS-2017-0163-0411-0",52,4,0.0769230769230769
"CMS-2017-0163-0412-0",273,21,0.0769230769230769
"CMS-2017-0163-0428-0",65,5,0.0769230769230769
"CMS-2017-0163-0616-0",13,1,0.0769230769230769
"CMS-2017-0163-0827-1",1898,146,0.0769230769230769
"CMS-2017-0163-1067-0",13,1,0.0769230769230769
"CMS-2017-0163-1078-1",169,13,0.0769230769230769
"CMS-2017-0163-1090-0",39,3,0.0769230769230769
"CMS-2017-0163-1124-1",2190,168,0.0767123287671233
"CMS-2017-0163-1204-0",105,8,0.0761904761904762
"CMS-2017-0163-1203-0",276,21,0.0760869565217391
"CMS-2017-0163-0874-0",304,23,0.0756578947368421
"CMS-2017-0163-0070-0",119,9,0.0756302521008403
"CMS-2017-0163-0399-0",119,9,0.0756302521008403
"CMS-2017-0163-0115-0",106,8,0.0754716981132075
"CMS-2017-0163-0346-0",53,4,0.0754716981132075
"CMS-2017-0163-0812-0",306,23,0.0751633986928105
"CMS-2017-0163-0537-0",80,6,0.075
"CMS-2017-0163-0679-0",120,9,0.075
"CMS-2017-0163-0978-0",40,3,0.075
"CMS-2017-0163-1144-1",160,12,0.075
"CMS-2017-0163-1094-1",1577,118,0.0748256182625238
"CMS-2017-0163-0855-1",949,71,0.0748155953635406
"CMS-2017-0163-1199-1",536,40,0.0746268656716418
"CMS-2017-0163-0391-0",376,28,0.074468085106383
"CMS-2017-0163-0208-0",81,6,0.0740740740740741
"CMS-2017-0163-0368-0",54,4,0.0740740740740741
"CMS-2017-0163-0067-0",311,23,0.0739549839228296
"CMS-2017-0163-0881-0",176,13,0.0738636363636364
"CMS-2017-0163-0116-0",163,12,0.0736196319018405
"CMS-2017-0163-0798-0",68,5,0.0735294117647059
"CMS-2017-0163-0712-0",177,13,0.0734463276836158
"CMS-2017-0163-0435-0",109,8,0.073394495412844
"CMS-2017-0163-0444-0",109,8,0.073394495412844
"CMS-2017-0163-0304-1",232,17,0.0732758620689655
"CMS-2017-0163-0216-0",82,6,0.0731707317073171
"CMS-2017-0163-0401-0",41,3,0.0731707317073171
"CMS-2017-0163-0876-0",165,12,0.0727272727272727
"CMS-2017-0163-1047-0",55,4,0.0727272727272727
"CMS-2017-0163-1134-0",110,8,0.0727272727272727
"CMS-2017-0163-0598-0",344,25,0.0726744186046512
"CMS-2017-0163-0673-1",923,67,0.0725893824485374
"CMS-2017-0163-1110-1",3367,244,0.0724680724680725
"CMS-2017-0163-1178-0",69,5,0.072463768115942
"CMS-2017-0163-0016-0",166,12,0.072289156626506
"CMS-2017-0163-0824-0",166,12,0.072289156626506
"CMS-2017-0163-1010-0",415,30,0.072289156626506
"CMS-2017-0163-0730-0",180,13,0.0722222222222222
"CMS-2017-0163-0124-0",194,14,0.0721649484536082
"CMS-2017-0163-0745-1",1222,88,0.072013093289689
"CMS-2017-0163-0495-0",389,28,0.0719794344473008
"CMS-2017-0163-0021-0",14,1,0.0714285714285714
"CMS-2017-0163-0400-0",28,2,0.0714285714285714
"CMS-2017-0163-0486-0",140,10,0.0714285714285714
"CMS-2017-0163-0509-0",28,2,0.0714285714285714
"CMS-2017-0163-0582-0",84,6,0.0714285714285714
"CMS-2017-0163-0700-0",154,11,0.0714285714285714
"CMS-2017-0163-0756-0",42,3,0.0714285714285714
"CMS-2017-0163-0931-1",98,7,0.0714285714285714
"CMS-2017-0163-1038-0",56,4,0.0714285714285714
"CMS-2017-0163-0574-0",267,19,0.0711610486891386
"CMS-2017-0163-0907-0",113,8,0.0707964601769911
"CMS-2017-0163-1163-5",4101,290,0.0707144598878322
"CMS-2017-0163-1026-0",142,10,0.0704225352112676
"CMS-2017-0163-0391-5",612,43,0.0702614379084967
"CMS-2017-0163-1153-1",527,37,0.0702087286527514
"CMS-2017-0163-0568-0",57,4,0.0701754385964912
"CMS-2017-0163-0642-0",228,16,0.0701754385964912
"CMS-2017-0163-0132-0",314,22,0.0700636942675159
"CMS-2017-0163-0182-0",200,14,0.07
"CMS-2017-0163-0508-0",429,30,0.0699300699300699
"CMS-2017-0163-0720-0",372,26,0.0698924731182796
"CMS-2017-0163-1139-1",644,45,0.0698757763975155
"CMS-2017-0163-0233-0",86,6,0.0697674418604651
"CMS-2017-0163-0083-0",330,23,0.0696969696969697
"CMS-2017-0163-0894-0",158,11,0.069620253164557
"CMS-2017-0163-0085-0",216,15,0.0694444444444444
"CMS-2017-0163-0097-0",29,2,0.0689655172413793
"CMS-2017-0163-0386-0",58,4,0.0689655172413793
"CMS-2017-0163-0740-1",638,44,0.0689655172413793
"CMS-2017-0163-1040-0",116,8,0.0689655172413793
"CMS-2017-0163-0143-0",291,20,0.0687285223367698
"CMS-2017-0163-0041-0",102,7,0.0686274509803922
"CMS-2017-0163-0869-4",7434,510,0.0686037126715093
"CMS-2017-0163-0526-0",321,22,0.0685358255451713
"CMS-2017-0163-0100-0",73,5,0.0684931506849315
"CMS-2017-0163-0081-0",88,6,0.0681818181818182
"CMS-2017-0163-0076-0",279,19,0.0681003584229391
"CMS-2017-0163-0942-1",798,54,0.0676691729323308
"CMS-2017-0163-0880-1",207,14,0.0676328502415459
"CMS-2017-0163-0776-1",1538,104,0.0676202860858258
"CMS-2017-0163-0885-0",429,29,0.0675990675990676
"CMS-2017-0163-0345-0",74,5,0.0675675675675676
"CMS-2017-0163-0655-0",74,5,0.0675675675675676
"CMS-2017-0163-0832-0",163,11,0.0674846625766871
"CMS-2017-0163-1107-1",876,59,0.067351598173516
"CMS-2017-0163-1066-0",238,16,0.0672268907563025
"CMS-2017-0163-0819-0",283,19,0.0671378091872792
"CMS-2017-0163-1136-0",164,11,0.0670731707317073
"CMS-2017-0163-0458-0",374,25,0.0668449197860963
"CMS-2017-0163-0043-0",135,9,0.0666666666666667
"CMS-2017-0163-0361-0",30,2,0.0666666666666667
"CMS-2017-0163-0694-0",15,1,0.0666666666666667
"CMS-2017-0163-1205-0",15,1,0.0666666666666667
"CMS-2017-0163-0093-0",422,28,0.0663507109004739
"CMS-2017-0163-0446-1",317,21,0.0662460567823344
"CMS-2017-0163-0995-0",302,20,0.0662251655629139
"CMS-2017-0163-0929-1",121,8,0.0661157024793388
"CMS-2017-0163-0311-0",227,15,0.066079295154185
"CMS-2017-0163-0451-0",152,10,0.0657894736842105
"CMS-2017-0163-0597-0",76,5,0.0657894736842105
"CMS-2017-0163-0671-0",76,5,0.0657894736842105
"CMS-2017-0163-0984-0",76,5,0.0657894736842105
"CMS-2017-0163-0074-0",61,4,0.0655737704918033
"CMS-2017-0163-1188-0",122,8,0.0655737704918033
"CMS-2017-0163-0580-0",214,14,0.0654205607476635
"CMS-2017-0163-1117-1",644,42,0.0652173913043478
"CMS-2017-0163-0988-0",246,16,0.0650406504065041
"CMS-2017-0163-0158-0",231,15,0.0649350649350649
"CMS-2017-0163-0405-0",186,12,0.0645161290322581
"CMS-2017-0163-0547-0",62,4,0.0645161290322581
"CMS-2017-0163-1114-0",31,2,0.0645161290322581
"CMS-2017-0163-0470-0",357,23,0.0644257703081232
"CMS-2017-0163-1100-1",652,42,0.0644171779141104
"CMS-2017-0163-0199-0",171,11,0.064327485380117
"CMS-2017-0163-0551-0",187,12,0.0641711229946524
"CMS-2017-0163-0927-1",125,8,0.064
"CMS-2017-0163-0829-0",297,19,0.063973063973064
"CMS-2017-0163-1201-1",1095,70,0.0639269406392694
"CMS-2017-0163-0357-0",47,3,0.0638297872340425
"CMS-2017-0163-0752-0",408,26,0.0637254901960784
"CMS-2017-0163-0809-0",157,10,0.0636942675159236
"CMS-2017-0163-0207-0",126,8,0.0634920634920635
"CMS-2017-0163-0651-0",63,4,0.0634920634920635
"CMS-2017-0163-0789-0",63,4,0.0634920634920635
"CMS-2017-0163-0891-0",63,4,0.0634920634920635
"CMS-2017-0163-1005-0",331,21,0.0634441087613293
"CMS-2017-0163-1037-0",284,18,0.0633802816901408
"CMS-2017-0163-0654-1",839,53,0.0631704410011919
"CMS-2017-0163-0414-0",95,6,0.0631578947368421
"CMS-2017-0163-0764-0",95,6,0.0631578947368421
"CMS-2017-0163-0276-0",333,21,0.0630630630630631
"CMS-2017-0163-0170-0",80,5,0.0625
"CMS-2017-0163-0378-0",48,3,0.0625
"CMS-2017-0163-0464-0",32,2,0.0625
"CMS-2017-0163-0780-0",80,5,0.0625
"CMS-2017-0163-0808-0",48,3,0.0625
"CMS-2017-0163-0926-1",112,7,0.0625
"CMS-2017-0163-0946-0",16,1,0.0625
"CMS-2017-0163-1068-0",32,2,0.0625
"CMS-2017-0163-1198-2",224,14,0.0625
"CMS-2017-0163-0729-0",322,20,0.062111801242236
"CMS-2017-0163-0333-0",178,11,0.0617977528089888
"CMS-2017-0163-0868-0",81,5,0.0617283950617284
"CMS-2017-0163-0909-0",130,8,0.0615384615384615
"CMS-2017-0163-0786-0",114,7,0.0614035087719298
"CMS-2017-0163-0244-0",49,3,0.0612244897959184
"CMS-2017-0163-0319-0",49,3,0.0612244897959184
"CMS-2017-0163-0487-0",98,6,0.0612244897959184
"CMS-2017-0163-0705-0",392,24,0.0612244897959184
"CMS-2017-0163-0707-0",392,24,0.0612244897959184
"CMS-2017-0163-0409-0",311,19,0.0610932475884244
"CMS-2017-0163-0173-0",82,5,0.0609756097560976
"CMS-2017-0163-0608-0",82,5,0.0609756097560976
"CMS-2017-0163-0082-0",132,8,0.0606060606060606
"CMS-2017-0163-0814-0",33,2,0.0606060606060606
"CMS-2017-0163-1092-0",314,19,0.0605095541401274
"CMS-2017-0163-0397-0",133,8,0.0601503759398496
"CMS-2017-0163-0627-0",133,8,0.0601503759398496
"CMS-2017-0163-0507-0",183,11,0.0601092896174863
"CMS-2017-0163-0290-0",100,6,0.06
"CMS-2017-0163-0685-0",100,6,0.06
"CMS-2017-0163-1074-1",617,37,0.059967585089141
"CMS-2017-0163-0184-0",117,7,0.0598290598290598
"CMS-2017-0163-0802-0",421,25,0.0593824228028504
"CMS-2017-0163-0906-0",219,13,0.0593607305936073
"CMS-2017-0163-1205-1",1034,61,0.0589941972920696
"CMS-2017-0163-0023-0",17,1,0.0588235294117647
"CMS-2017-0163-0210-0",85,5,0.0588235294117647
"CMS-2017-0163-0407-0",17,1,0.0588235294117647
"CMS-2017-0163-0440-0",289,17,0.0588235294117647
"CMS-2017-0163-0467-0",85,5,0.0588235294117647
"CMS-2017-0163-0479-0",170,10,0.0588235294117647
"CMS-2017-0163-0790-0",17,1,0.0588235294117647
"CMS-2017-0163-0828-0",17,1,0.0588235294117647
"CMS-2017-0163-0865-0",17,1,0.0588235294117647
"CMS-2017-0163-1022-0",85,5,0.0588235294117647
"CMS-2017-0163-1033-0",17,1,0.0588235294117647
"CMS-2017-0163-0604-0",188,11,0.0585106382978723
"CMS-2017-0163-0741-0",154,9,0.0584415584415584
"CMS-2017-0163-0999-0",154,9,0.0584415584415584
"CMS-2017-0163-0328-1",719,42,0.0584144645340751
"CMS-2017-0163-0600-1",719,42,0.0584144645340751
"CMS-2017-0163-0360-0",257,15,0.0583657587548638
"CMS-2017-0163-0527-0",120,7,0.0583333333333333
"CMS-2017-0163-0724-0",240,14,0.0583333333333333
"CMS-2017-0163-1103-1",635,37,0.0582677165354331
"CMS-2017-0163-0783-0",103,6,0.058252427184466
"CMS-2017-0163-0062-0",189,11,0.0582010582010582
"CMS-2017-0163-0565-1",567,33,0.0582010582010582
"CMS-2017-0163-0933-1",189,11,0.0582010582010582
"CMS-2017-0163-0934-1",172,10,0.0581395348837209
"CMS-2017-0163-0947-0",344,20,0.0581395348837209
"CMS-2017-0163-0321-0",276,16,0.0579710144927536
"CMS-2017-0163-1055-0",69,4,0.0579710144927536
"CMS-2017-0163-0087-0",121,7,0.0578512396694215
"CMS-2017-0163-0956-0",398,23,0.0577889447236181
"CMS-2017-0163-0699-0",52,3,0.0576923076923077
"CMS-2017-0163-0890-0",365,21,0.0575342465753425
"CMS-2017-0163-0420-0",87,5,0.0574712643678161
"CMS-2017-0163-0101-0",157,9,0.0573248407643312
"CMS-2017-0163-0966-0",192,11,0.0572916666666667
"CMS-2017-0163-0147-0",175,10,0.0571428571428571
"CMS-2017-0163-0317-0",35,2,0.0571428571428571
"CMS-2017-0163-0506-0",35,2,0.0571428571428571
"CMS-2017-0163-1083-0",245,14,0.0571428571428571
"CMS-2017-0163-0980-0",421,24,0.0570071258907363
"CMS-2017-0163-0736-1",527,30,0.0569259962049336
"CMS-2017-0163-0078-0",211,12,0.0568720379146919
"CMS-2017-0163-0558-0",88,5,0.0568181818181818
"CMS-2017-0163-0750-0",282,16,0.0567375886524823
"CMS-2017-0163-0410-1",671,38,0.0566318926974665
"CMS-2017-0163-0065-0",106,6,0.0566037735849057
"CMS-2017-0163-0135-0",53,3,0.0566037735849057
"CMS-2017-0163-0277-0",53,3,0.0566037735849057
"CMS-2017-0163-0841-0",142,8,0.0563380281690141
"CMS-2017-0163-0888-1",551,31,0.0562613430127042
"CMS-2017-0163-0410-0",196,11,0.0561224489795918
"CMS-2017-0163-0071-0",143,8,0.0559440559440559
"CMS-2017-0163-0218-0",197,11,0.0558375634517767
"CMS-2017-0163-1057-1",681,38,0.0558002936857562
"CMS-2017-0163-0528-0",287,16,0.0557491289198606
"CMS-2017-0163-0554-0",413,23,0.0556900726392252
"CMS-2017-0163-0877-0",485,27,0.0556701030927835
"CMS-2017-0163-0188-0",18,1,0.0555555555555556
"CMS-2017-0163-0241-0",18,1,0.0555555555555556
"CMS-2017-0163-0251-0",342,19,0.0555555555555556
"CMS-2017-0163-0483-0",18,1,0.0555555555555556
"CMS-2017-0163-0575-0",90,5,0.0555555555555556
"CMS-2017-0163-0592-0",36,2,0.0555555555555556
"CMS-2017-0163-0609-0",18,1,0.0555555555555556
"CMS-2017-0163-0610-0",18,1,0.0555555555555556
"CMS-2017-0163-0678-0",18,1,0.0555555555555556
"CMS-2017-0163-0589-0",145,8,0.0551724137931034
"CMS-2017-0163-0369-0",109,6,0.055045871559633
"CMS-2017-0163-1062-0",109,6,0.055045871559633
"CMS-2017-0163-0283-0",201,11,0.054726368159204
"CMS-2017-0163-0886-0",330,18,0.0545454545454545
"CMS-2017-0163-0352-0",147,8,0.054421768707483
"CMS-2017-0163-0704-0",221,12,0.0542986425339367
"CMS-2017-0163-0336-0",37,2,0.0540540540540541
"CMS-2017-0163-0977-0",37,2,0.0540540540540541
"CMS-2017-0163-1056-0",333,18,0.0540540540540541
"CMS-2017-0163-0716-0",408,22,0.053921568627451
"CMS-2017-0163-0732-1",1560,84,0.0538461538461538
"CMS-2017-0163-0991-0",130,7,0.0538461538461538
"CMS-2017-0163-0871-0",353,19,0.0538243626062323
"CMS-2017-0163-0501-0",186,10,0.0537634408602151
"CMS-2017-0163-0512-0",93,5,0.0537634408602151
"CMS-2017-0163-0355-1",149,8,0.0536912751677852
"CMS-2017-0163-0644-0",149,8,0.0536912751677852
"CMS-2017-0163-0068-0",56,3,0.0535714285714286
"CMS-2017-0163-0195-0",75,4,0.0533333333333333
"CMS-2017-0163-0494-0",113,6,0.0530973451327434
"CMS-2017-0163-0348-0",132,7,0.053030303030303
"CMS-2017-0163-1095-0",19,1,0.0526315789473684
"CMS-2017-0163-1156-0",19,1,0.0526315789473684
"CMS-2017-0163-0447-0",210,11,0.0523809523809524
"CMS-2017-0163-0800-0",96,5,0.0520833333333333
"CMS-2017-0163-0054-0",77,4,0.051948051948052
"CMS-2017-0163-0668-0",231,12,0.051948051948052
"CMS-2017-0163-1002-0",347,18,0.0518731988472622
"CMS-2017-0163-0032-0",58,3,0.0517241379310345
"CMS-2017-0163-0869-1",1645,85,0.0516717325227964
"CMS-2017-0163-0416-0",155,8,0.0516129032258065
"CMS-2017-0163-0611-0",291,15,0.0515463917525773
"CMS-2017-0163-0325-0",136,7,0.0514705882352941
"CMS-2017-0163-0180-0",175,9,0.0514285714285714
"CMS-2017-0163-0192-0",331,17,0.0513595166163142
"CMS-2017-0163-0151-0",39,2,0.0512820512820513
"CMS-2017-0163-1128-1",625,32,0.0512
"CMS-2017-0163-0939-1",137,7,0.0510948905109489
"CMS-2017-0163-0997-0",334,17,0.0508982035928144
"CMS-2017-0163-0536-0",118,6,0.0508474576271186
"CMS-2017-0163-0657-0",217,11,0.0506912442396313
"CMS-2017-0163-0577-0",375,19,0.0506666666666667
"CMS-2017-0163-0769-0",277,14,0.0505415162454874
"CMS-2017-0163-0761-0",318,16,0.050314465408805
"CMS-2017-0163-0765-0",159,8,0.050314465408805
"CMS-2017-0163-0835-0",159,8,0.050314465408805
"CMS-2017-0163-0773-0",199,10,0.050251256281407
"CMS-2017-0163-0130-0",60,3,0.05
"CMS-2017-0163-0302-0",40,2,0.05
"CMS-2017-0163-0356-0",80,4,0.05
"CMS-2017-0163-0869-0",100,5,0.05
"CMS-2017-0163-0911-0",60,3,0.05
"CMS-2017-0163-1016-0",280,14,0.05
"CMS-2017-0163-0069-0",101,5,0.0495049504950495
"CMS-2017-0163-0285-0",385,19,0.0493506493506494
"CMS-2017-0163-0664-0",102,5,0.0490196078431373
"CMS-2017-0163-0026-0",368,18,0.0489130434782609
"CMS-2017-0163-1179-1",614,30,0.0488599348534202
"CMS-2017-0163-1190-2",614,30,0.0488599348534202
"CMS-2017-0163-0915-0",82,4,0.0487804878048781
"CMS-2017-0163-0516-0",144,7,0.0486111111111111
"CMS-2017-0163-0322-0",62,3,0.0483870967741935
"CMS-2017-0163-0376-0",83,4,0.0481927710843374
"CMS-2017-0163-1011-0",436,21,0.0481651376146789
"CMS-2017-0163-0771-0",376,18,0.0478723404255319
"CMS-2017-0163-1198-3",669,32,0.0478325859491779
"CMS-2017-0163-0524-0",251,12,0.047808764940239
"CMS-2017-0163-0049-0",273,13,0.0476190476190476
"CMS-2017-0163-0178-0",21,1,0.0476190476190476
"CMS-2017-0163-0278-0",441,21,0.0476190476190476
"CMS-2017-0163-0452-0",21,1,0.0476190476190476
"CMS-2017-0163-0489-0",21,1,0.0476190476190476
"CMS-2017-0163-0570-0",63,3,0.0476190476190476
"CMS-2017-0163-0646-0",84,4,0.0476190476190476
"CMS-2017-0163-0680-0",168,8,0.0476190476190476
"CMS-2017-0163-0820-0",126,6,0.0476190476190476
"CMS-2017-0163-0450-0",254,12,0.047244094488189
"CMS-2017-0163-0296-0",85,4,0.0470588235294118
"CMS-2017-0163-0460-0",85,4,0.0470588235294118
"CMS-2017-0163-0693-0",85,4,0.0470588235294118
"CMS-2017-0163-0305-0",128,6,0.046875
"CMS-2017-0163-0442-0",278,13,0.0467625899280576
"CMS-2017-0163-0493-0",214,10,0.0467289719626168
"CMS-2017-0163-0497-0",150,7,0.0466666666666667
"CMS-2017-0163-0187-0",43,2,0.0465116279069767
"CMS-2017-0163-0288-0",43,2,0.0465116279069767
"CMS-2017-0163-0432-0",43,2,0.0465116279069767
"CMS-2017-0163-0004-0",65,3,0.0461538461538462
"CMS-2017-0163-0491-0",65,3,0.0461538461538462
"CMS-2017-0163-0790-1",195,9,0.0461538461538462
"CMS-2017-0163-0344-0",261,12,0.0459770114942529
"CMS-2017-0163-0359-1",87,4,0.0459770114942529
"CMS-2017-0163-0725-0",174,8,0.0459770114942529
"CMS-2017-0163-0778-0",174,8,0.0459770114942529
"CMS-2017-0163-0787-0",153,7,0.0457516339869281
"CMS-2017-0163-0817-0",197,9,0.0456852791878173
"CMS-2017-0163-0983-0",351,16,0.0455840455840456
"CMS-2017-0163-0077-0",22,1,0.0454545454545455
"CMS-2017-0163-0079-0",44,2,0.0454545454545455
"CMS-2017-0163-0175-0",66,3,0.0454545454545455
"CMS-2017-0163-0511-0",66,3,0.0454545454545455
"CMS-2017-0163-0629-0",66,3,0.0454545454545455
"CMS-2017-0163-0910-0",66,3,0.0454545454545455
"CMS-2017-0163-0510-1",397,18,0.0453400503778338
"CMS-2017-0163-0777-0",45,2,0.0444444444444444
"CMS-2017-0163-0039-0",293,13,0.0443686006825939
"CMS-2017-0163-0072-0",429,19,0.0442890442890443
"CMS-2017-0163-0153-0",136,6,0.0441176470588235
"CMS-2017-0163-0358-0",136,6,0.0441176470588235
"CMS-2017-0163-0755-0",68,3,0.0441176470588235
"CMS-2017-0163-0245-0",159,7,0.0440251572327044
"CMS-2017-0163-0118-0",409,18,0.0440097799511002
"CMS-2017-0163-0878-0",251,11,0.0438247011952191
"CMS-2017-0163-0008-0",23,1,0.0434782608695652
"CMS-2017-0163-0009-0",23,1,0.0434782608695652
"CMS-2017-0163-0010-0",23,1,0.0434782608695652
"CMS-2017-0163-0066-0",23,1,0.0434782608695652
"CMS-2017-0163-0203-0",138,6,0.0434782608695652
"CMS-2017-0163-0273-0",207,9,0.0434782608695652
"CMS-2017-0163-0449-0",46,2,0.0434782608695652
"CMS-2017-0163-0560-0",23,1,0.0434782608695652
"CMS-2017-0163-0656-0",92,4,0.0434782608695652
"CMS-2017-0163-0759-0",69,3,0.0434782608695652
"CMS-2017-0163-0949-0",46,2,0.0434782608695652
"CMS-2017-0163-1025-0",23,1,0.0434782608695652
"CMS-2017-0163-0571-0",185,8,0.0432432432432432
"CMS-2017-0163-0219-0",139,6,0.0431654676258993
"CMS-2017-0163-0635-0",279,12,0.043010752688172
"CMS-2017-0163-1034-0",70,3,0.0428571428571429
"CMS-2017-0163-1007-0",187,8,0.0427807486631016
"CMS-2017-0163-0275-0",141,6,0.0425531914893617
"CMS-2017-0163-0850-0",165,7,0.0424242424242424
"CMS-2017-0163-0746-0",236,10,0.0423728813559322
"CMS-2017-0163-0813-0",118,5,0.0423728813559322
"CMS-2017-0163-1170-0",402,17,0.0422885572139304
"CMS-2017-0163-0692-0",142,6,0.0422535211267606
"CMS-2017-0163-0714-0",237,10,0.0421940928270042
"CMS-2017-0163-0520-0",95,4,0.0421052631578947
"CMS-2017-0163-0837-0",95,4,0.0421052631578947
"CMS-2017-0163-0792-0",167,7,0.0419161676646707
"CMS-2017-0163-0919-0",335,14,0.0417910447761194
"CMS-2017-0163-0050-0",384,16,0.0416666666666667
"CMS-2017-0163-0165-0",120,5,0.0416666666666667
"CMS-2017-0163-0172-0",48,2,0.0416666666666667
"CMS-2017-0163-0205-0",192,8,0.0416666666666667
"CMS-2017-0163-0246-0",24,1,0.0416666666666667
"CMS-2017-0163-0303-0",24,1,0.0416666666666667
"CMS-2017-0163-0415-0",24,1,0.0416666666666667
"CMS-2017-0163-0522-0",24,1,0.0416666666666667
"CMS-2017-0163-0593-0",24,1,0.0416666666666667
"CMS-2017-0163-0839-0",48,2,0.0416666666666667
"CMS-2017-0163-0843-0",24,1,0.0416666666666667
"CMS-2017-0163-0948-0",72,3,0.0416666666666667
"CMS-2017-0163-1050-0",72,3,0.0416666666666667
"CMS-2017-0163-0842-0",243,10,0.0411522633744856
"CMS-2017-0163-1095-2",462,19,0.0411255411255411
"CMS-2017-0163-0591-0",195,8,0.041025641025641
"CMS-2017-0163-0194-0",122,5,0.040983606557377
"CMS-2017-0163-0272-0",49,2,0.0408163265306122
"CMS-2017-0163-0567-0",98,4,0.0408163265306122
"CMS-2017-0163-0647-0",245,10,0.0408163265306122
"CMS-2017-0163-0139-0",123,5,0.040650406504065
"CMS-2017-0163-0825-0",123,5,0.040650406504065
"CMS-2017-0163-0918-0",123,5,0.040650406504065
"CMS-2017-0163-0209-0",74,3,0.0405405405405405
"CMS-2017-0163-0255-0",99,4,0.0404040404040404
"CMS-2017-0163-0094-0",174,7,0.0402298850574713
"CMS-2017-0163-0459-0",174,7,0.0402298850574713
"CMS-2017-0163-0770-0",25,1,0.04
"CMS-2017-0163-0992-0",150,6,0.04
"CMS-2017-0163-1169-0",25,1,0.04
"CMS-2017-0163-1009-0",276,11,0.0398550724637681
"CMS-2017-0163-0189-0",403,16,0.0397022332506203
"CMS-2017-0163-0051-0",101,4,0.0396039603960396
"CMS-2017-0163-0665-0",76,3,0.0394736842105263
"CMS-2017-0163-0600-0",279,11,0.039426523297491
"CMS-2017-0163-0875-1",686,27,0.0393586005830904
"CMS-2017-0163-0291-0",51,2,0.0392156862745098
"CMS-2017-0163-0335-0",153,6,0.0392156862745098
"CMS-2017-0163-0916-0",51,2,0.0392156862745098
"CMS-2017-0163-1118-0",230,9,0.0391304347826087
"CMS-2017-0163-0024-0",205,8,0.0390243902439024
"CMS-2017-0163-0226-0",205,8,0.0390243902439024
"CMS-2017-0163-0028-0",154,6,0.038961038961039
"CMS-2017-0163-0757-0",386,15,0.038860103626943
"CMS-2017-0163-0815-0",207,8,0.0386473429951691
"CMS-2017-0163-0471-0",233,9,0.0386266094420601
"CMS-2017-0163-0913-0",259,10,0.0386100386100386
"CMS-2017-0163-0167-0",52,2,0.0384615384615385
"CMS-2017-0163-0185-0",104,4,0.0384615384615385
"CMS-2017-0163-0224-0",130,5,0.0384615384615385
"CMS-2017-0163-0370-0",78,3,0.0384615384615385
"CMS-2017-0163-0533-0",78,3,0.0384615384615385
"CMS-2017-0163-0713-0",156,6,0.0384615384615385
"CMS-2017-0163-0845-0",104,4,0.0384615384615385
"CMS-2017-0163-1073-0",26,1,0.0384615384615385
"CMS-2017-0163-0768-0",391,15,0.0383631713554987
"CMS-2017-0163-1004-0",392,15,0.038265306122449
"CMS-2017-0163-0281-0",419,16,0.0381861575178998
"CMS-2017-0163-0438-0",131,5,0.0381679389312977
"CMS-2017-0163-0328-0",158,6,0.0379746835443038
"CMS-2017-0163-1017-0",372,14,0.0376344086021505
"CMS-2017-0163-0601-0",346,13,0.0375722543352601
"CMS-2017-0163-0697-0",80,3,0.0375
"CMS-2017-0163-0349-0",267,10,0.0374531835205993
"CMS-2017-0163-0439-0",107,4,0.0373831775700935
"CMS-2017-0163-0014-0",54,2,0.037037037037037
"CMS-2017-0163-0027-0",135,5,0.037037037037037
"CMS-2017-0163-0113-0",27,1,0.037037037037037
"CMS-2017-0163-0145-0",27,1,0.037037037037037
"CMS-2017-0163-0500-0",27,1,0.037037037037037
"CMS-2017-0163-0663-0",108,4,0.037037037037037
"CMS-2017-0163-0925-0",27,1,0.037037037037037
"CMS-2017-0163-0284-0",352,13,0.0369318181818182
"CMS-2017-0163-0183-0",136,5,0.0367647058823529
"CMS-2017-0163-0753-0",136,5,0.0367647058823529
"CMS-2017-0163-0617-0",109,4,0.036697247706422
"CMS-2017-0163-0160-0",273,10,0.0366300366300366
"CMS-2017-0163-0168-0",82,3,0.0365853658536585
"CMS-2017-0163-0869-3",4381,160,0.0365213421593244
"CMS-2017-0163-0155-0",55,2,0.0363636363636364
"CMS-2017-0163-0606-0",55,2,0.0363636363636364
"CMS-2017-0163-0643-0",55,2,0.0363636363636364
"CMS-2017-0163-0727-0",110,4,0.0363636363636364
"CMS-2017-0163-0791-0",55,2,0.0363636363636364
"CMS-2017-0163-0852-0",55,2,0.0363636363636364
"CMS-2017-0163-0867-0",55,2,0.0363636363636364
"CMS-2017-0163-1008-0",330,12,0.0363636363636364
"CMS-2017-0163-0437-0",83,3,0.036144578313253
"CMS-2017-0163-0652-0",222,8,0.036036036036036
"CMS-2017-0163-0979-0",335,12,0.0358208955223881
"CMS-2017-0163-0096-0",28,1,0.0357142857142857
"CMS-2017-0163-0136-0",56,2,0.0357142857142857
"CMS-2017-0163-0315-0",56,2,0.0357142857142857
"CMS-2017-0163-0590-0",84,3,0.0357142857142857
"CMS-2017-0163-0723-0",28,1,0.0357142857142857
"CMS-2017-0163-0120-0",85,3,0.0352941176470588
"CMS-2017-0163-0441-0",85,3,0.0352941176470588
"CMS-2017-0163-0269-0",230,8,0.0347826086956522
"CMS-2017-0163-0872-0",346,12,0.0346820809248555
"CMS-2017-0163-0206-0",29,1,0.0344827586206897
"CMS-2017-0163-0234-0",29,1,0.0344827586206897
"CMS-2017-0163-0388-0",87,3,0.0344827586206897
"CMS-2017-0163-0404-0",29,1,0.0344827586206897
"CMS-2017-0163-0803-0",58,2,0.0344827586206897
"CMS-2017-0163-0860-0",58,2,0.0344827586206897
"CMS-2017-0163-0823-0",292,10,0.0342465753424658
"CMS-2017-0163-0200-0",117,4,0.0341880341880342
"CMS-2017-0163-0237-0",205,7,0.0341463414634146
"CMS-2017-0163-0214-0",88,3,0.0340909090909091
"CMS-2017-0163-0706-0",88,3,0.0340909090909091
"CMS-2017-0163-0338-0",59,2,0.0338983050847458
"CMS-2017-0163-0972-0",118,4,0.0338983050847458
"CMS-2017-0163-0141-0",90,3,0.0333333333333333
"CMS-2017-0163-0728-0",150,5,0.0333333333333333
"CMS-2017-0163-0774-0",180,6,0.0333333333333333
"CMS-2017-0163-0932-0",90,3,0.0333333333333333
"CMS-2017-0163-1029-0",211,7,0.033175355450237
"CMS-2017-0163-0329-0",151,5,0.033112582781457
"CMS-2017-0163-0121-0",121,4,0.0330578512396694
"CMS-2017-0163-0562-0",364,12,0.032967032967033
"CMS-2017-0163-0258-0",152,5,0.0328947368421053
"CMS-2017-0163-0392-0",122,4,0.0327868852459016
"CMS-2017-0163-0796-0",183,6,0.0327868852459016
"CMS-2017-0163-1154-0",61,2,0.0327868852459016
"CMS-2017-0163-0053-0",31,1,0.032258064516129
"CMS-2017-0163-0374-0",31,1,0.032258064516129
"CMS-2017-0163-0394-0",31,1,0.032258064516129
"CMS-2017-0163-0626-0",31,1,0.032258064516129
"CMS-2017-0163-0923-0",248,8,0.032258064516129
"CMS-2017-0163-1019-0",310,10,0.032258064516129
"CMS-2017-0163-0587-0",125,4,0.032
"CMS-2017-0163-0698-0",250,8,0.032
"CMS-2017-0163-0763-0",125,4,0.032
"CMS-2017-0163-0129-0",94,3,0.0319148936170213
"CMS-2017-0163-1023-0",376,12,0.0319148936170213
"CMS-2017-0163-0395-0",377,12,0.0318302387267905
"CMS-2017-0163-1185-0",410,13,0.0317073170731707
"CMS-2017-0163-0287-0",95,3,0.0315789473684211
"CMS-2017-0163-0971-0",95,3,0.0315789473684211
"CMS-2017-0163-1189-1",635,20,0.031496062992126
"CMS-2017-0163-0156-0",96,3,0.03125
"CMS-2017-0163-0465-0",32,1,0.03125
"CMS-2017-0163-0672-0",32,1,0.03125
"CMS-2017-0163-0897-0",417,13,0.0311750599520384
"CMS-2017-0163-0379-1",161,5,0.031055900621118
"CMS-2017-0163-0372-0",129,4,0.0310077519379845
"CMS-2017-0163-0970-0",388,12,0.0309278350515464
"CMS-2017-0163-1045-0",97,3,0.0309278350515464
"CMS-2017-0163-1048-0",259,8,0.0308880308880309
"CMS-2017-0163-0298-0",65,2,0.0307692307692308
"CMS-2017-0163-0745-0",163,5,0.0306748466257669
"CMS-2017-0163-1042-0",196,6,0.0306122448979592
"CMS-2017-0163-0084-0",33,1,0.0303030303030303
"CMS-2017-0163-0127-0",66,2,0.0303030303030303
"CMS-2017-0163-0228-0",33,1,0.0303030303030303
"CMS-2017-0163-0462-0",132,4,0.0303030303030303
"CMS-2017-0163-0669-0",33,1,0.0303030303030303
"CMS-2017-0163-0990-0",299,9,0.0301003344481605
"CMS-2017-0163-0454-0",133,4,0.0300751879699248
"CMS-2017-0163-0179-0",102,3,0.0294117647058824
"CMS-2017-0163-0375-0",102,3,0.0294117647058824
"CMS-2017-0163-0492-0",34,1,0.0294117647058824
"CMS-2017-0163-0969-0",376,11,0.0292553191489362
"CMS-2017-0163-0045-0",377,11,0.0291777188328912
"CMS-2017-0163-0377-0",69,2,0.0289855072463768
"CMS-2017-0163-0268-0",313,9,0.0287539936102236
"CMS-2017-0163-0252-0",70,2,0.0285714285714286
"CMS-2017-0163-0350-0",70,2,0.0285714285714286
"CMS-2017-0163-0431-0",70,2,0.0285714285714286
"CMS-2017-0163-0341-0",246,7,0.0284552845528455
"CMS-2017-0163-0267-0",106,3,0.0283018867924528
"CMS-2017-0163-0119-0",285,8,0.0280701754385965
"CMS-2017-0163-0920-0",286,8,0.027972027972028
"CMS-2017-0163-1043-0",323,9,0.0278637770897833
"CMS-2017-0163-0583-0",36,1,0.0277777777777778
"CMS-2017-0163-0726-0",36,1,0.0277777777777778
"CMS-2017-0163-0810-0",36,1,0.0277777777777778
"CMS-2017-0163-0163-0",218,6,0.0275229357798165
"CMS-2017-0163-0781-0",110,3,0.0272727272727273
"CMS-2017-0163-0849-0",37,1,0.027027027027027
"CMS-2017-0163-0473-0",150,4,0.0266666666666667
"CMS-2017-0163-0540-0",150,4,0.0266666666666667
"CMS-2017-0163-0645-0",150,4,0.0266666666666667
"CMS-2017-0163-0957-0",263,7,0.026615969581749
"CMS-2017-0163-0058-0",113,3,0.0265486725663717
"CMS-2017-0163-0542-0",226,6,0.0265486725663717
"CMS-2017-0163-0104-0",38,1,0.0263157894736842
"CMS-2017-0163-0140-0",114,3,0.0263157894736842
"CMS-2017-0163-0257-0",76,2,0.0263157894736842
"CMS-2017-0163-0314-0",152,4,0.0263157894736842
"CMS-2017-0163-0615-0",76,2,0.0263157894736842
"CMS-2017-0163-1015-0",269,7,0.0260223048327138
"CMS-2017-0163-0987-0",424,11,0.0259433962264151
"CMS-2017-0163-0089-0",156,4,0.0256410256410256
"CMS-2017-0163-0453-0",118,3,0.0254237288135593
"CMS-2017-0163-0797-0",118,3,0.0254237288135593
"CMS-2017-0163-0519-0",276,7,0.0253623188405797
"CMS-2017-0163-0061-0",79,2,0.0253164556962025
"CMS-2017-0163-1027-0",278,7,0.0251798561151079
"CMS-2017-0163-0424-0",159,4,0.0251572327044025
"CMS-2017-0163-0748-0",199,5,0.0251256281407035
"CMS-2017-0163-0883-0",199,5,0.0251256281407035
"CMS-2017-0163-0904-0",398,10,0.0251256281407035
"CMS-2017-0163-0176-0",40,1,0.025
"CMS-2017-0163-0239-0",363,9,0.0247933884297521
"CMS-2017-0163-0772-0",444,11,0.0247747747747748
"CMS-2017-0163-0448-0",203,5,0.0246305418719212
"CMS-2017-0163-0638-0",122,3,0.0245901639344262
"CMS-2017-0163-0631-0",82,2,0.024390243902439
"CMS-2017-0163-0689-0",328,8,0.024390243902439
"CMS-2017-0163-0794-0",166,4,0.0240963855421687
"CMS-2017-0163-0150-0",208,5,0.0240384615384615
"CMS-2017-0163-0624-0",292,7,0.023972602739726
"CMS-2017-0163-0422-0",42,1,0.0238095238095238
"CMS-2017-0163-0514-0",42,1,0.0238095238095238
"CMS-2017-0163-0779-0",84,2,0.0238095238095238
"CMS-2017-0163-0134-0",127,3,0.0236220472440945
"CMS-2017-0163-0457-0",43,1,0.0232558139534884
"CMS-2017-0163-0499-0",43,1,0.0232558139534884
"CMS-2017-0163-0674-0",172,4,0.0232558139534884
"CMS-2017-0163-0952-0",86,2,0.0232558139534884
"CMS-2017-0163-0270-0",44,1,0.0227272727272727
"CMS-2017-0163-0309-0",132,3,0.0227272727272727
"CMS-2017-0163-0903-0",358,8,0.0223463687150838
"CMS-2017-0163-0461-0",224,5,0.0223214285714286
"CMS-2017-0163-0945-0",45,1,0.0222222222222222
"CMS-2017-0163-0711-0",361,8,0.0221606648199446
"CMS-2017-0163-0683-0",136,3,0.0220588235294118
"CMS-2017-0163-0250-0",46,1,0.0217391304347826
"CMS-2017-0163-0754-0",138,3,0.0217391304347826
"CMS-2017-0163-0900-0",46,1,0.0217391304347826
"CMS-2017-0163-0347-0",186,4,0.021505376344086
"CMS-2017-0163-0443-0",93,2,0.021505376344086
"CMS-2017-0163-0293-0",187,4,0.0213903743315508
"CMS-2017-0163-0107-0",47,1,0.0212765957446809
"CMS-2017-0163-0340-0",47,1,0.0212765957446809
"CMS-2017-0163-0545-0",94,2,0.0212765957446809
"CMS-2017-0163-0637-0",47,1,0.0212765957446809
"CMS-2017-0163-1049-0",95,2,0.0210526315789474
"CMS-2017-0163-0220-0",333,7,0.021021021021021
"CMS-2017-0163-0334-0",381,8,0.020997375328084
"CMS-2017-0163-0038-0",191,4,0.0209424083769634
"CMS-2017-0163-0621-0",48,1,0.0208333333333333
"CMS-2017-0163-0963-0",48,1,0.0208333333333333
"CMS-2017-0163-0584-0",193,4,0.0207253886010363
"CMS-2017-0163-1014-0",242,5,0.0206611570247934
"CMS-2017-0163-0466-0",97,2,0.0206185567010309
"CMS-2017-0163-0804-0",97,2,0.0206185567010309
"CMS-2017-0163-0879-0",391,8,0.020460358056266
"CMS-2017-0163-0821-0",198,4,0.0202020202020202
"CMS-2017-0163-0253-0",149,3,0.0201342281879195
"CMS-2017-0163-1180-0",149,3,0.0201342281879195
"CMS-2017-0163-0162-0",51,1,0.0196078431372549
"CMS-2017-0163-0998-0",153,3,0.0196078431372549
"CMS-2017-0163-1189-0",255,5,0.0196078431372549
"CMS-2017-0163-0982-0",154,3,0.0194805194805195
"CMS-2017-0163-0749-0",103,2,0.0194174757281553
"CMS-2017-0163-0569-0",155,3,0.0193548387096774
"CMS-2017-0163-0387-0",52,1,0.0192307692307692
"CMS-2017-0163-0914-0",52,1,0.0192307692307692
"CMS-2017-0163-0882-0",366,7,0.0191256830601093
"CMS-2017-0163-1151-0",262,5,0.0190839694656489
"CMS-2017-0163-0012-0",105,2,0.019047619047619
"CMS-2017-0163-1128-0",212,4,0.0188679245283019
"CMS-2017-0163-1052-0",375,7,0.0186666666666667
"CMS-2017-0163-0688-0",269,5,0.0185873605947955
"CMS-2017-0163-0362-0",54,1,0.0185185185185185
"CMS-2017-0163-0632-0",270,5,0.0185185185185185
"CMS-2017-0163-0641-0",54,1,0.0185185185185185
"CMS-2017-0163-0718-0",56,1,0.0178571428571429
"CMS-2017-0163-0719-0",337,6,0.0178041543026706
"CMS-2017-0163-0385-0",113,2,0.0176991150442478
"CMS-2017-0163-0445-0",113,2,0.0176991150442478
"CMS-2017-0163-0806-0",398,7,0.0175879396984925
"CMS-2017-0163-0174-0",57,1,0.0175438596491228
"CMS-2017-0163-0354-0",343,6,0.0174927113702624
"CMS-2017-0163-0564-0",115,2,0.0173913043478261
"CMS-2017-0163-0193-0",407,7,0.0171990171990172
"CMS-2017-0163-0103-0",235,4,0.0170212765957447
"CMS-2017-0163-0222-0",177,3,0.0169491525423729
"CMS-2017-0163-0869-2",118,2,0.0169491525423729
"CMS-2017-0163-1071-0",59,1,0.0169491525423729
"CMS-2017-0163-1020-0",178,3,0.0168539325842697
"CMS-2017-0163-0271-0",61,1,0.0163934426229508
"CMS-2017-0163-0463-0",61,1,0.0163934426229508
"CMS-2017-0163-0856-0",61,1,0.0163934426229508
"CMS-2017-0163-0986-0",122,2,0.0163934426229508
"CMS-2017-0163-1021-0",61,1,0.0163934426229508
"CMS-2017-0163-0109-0",62,1,0.0161290322580645
"CMS-2017-0163-0482-0",124,2,0.0161290322580645
"CMS-2017-0163-0555-0",124,2,0.0161290322580645
"CMS-2017-0163-0801-0",62,1,0.0161290322580645
"CMS-2017-0163-0099-0",375,6,0.016
"CMS-2017-0163-1006-0",188,3,0.0159574468085106
"CMS-2017-0163-0965-0",314,5,0.0159235668789809
"CMS-2017-0163-0060-0",63,1,0.0158730158730159
"CMS-2017-0163-0993-0",253,4,0.0158102766798419
"CMS-2017-0163-0225-0",127,2,0.015748031496063
"CMS-2017-0163-0436-0",129,2,0.0155038759689922
"CMS-2017-0163-0613-0",65,1,0.0153846153846154
"CMS-2017-0163-0603-0",66,1,0.0151515151515152
"CMS-2017-0163-0221-0",200,3,0.015
"CMS-2017-0163-0936-1",202,3,0.0148514851485149
"CMS-2017-0163-0822-0",340,5,0.0147058823529412
"CMS-2017-0163-0201-0",69,1,0.0144927536231884
"CMS-2017-0163-0476-0",71,1,0.0140845070422535
"CMS-2017-0163-1000-0",284,4,0.0140845070422535
"CMS-2017-0163-0549-0",214,3,0.014018691588785
"CMS-2017-0163-0161-0",72,1,0.0138888888888889
"CMS-2017-0163-0943-0",72,1,0.0138888888888889
"CMS-2017-0163-0496-0",145,2,0.0137931034482759
"CMS-2017-0163-0186-0",73,1,0.0136986301369863
"CMS-2017-0163-0364-0",75,1,0.0133333333333333
"CMS-2017-0163-0666-0",378,5,0.0132275132275132
"CMS-2017-0163-0232-0",154,2,0.012987012987013
"CMS-2017-0163-0289-0",79,1,0.0126582278481013
"CMS-2017-0163-0351-0",80,1,0.0125
"CMS-2017-0163-0418-0",160,2,0.0125
"CMS-2017-0163-0782-0",164,2,0.0121951219512195
"CMS-2017-0163-0142-0",84,1,0.0119047619047619
"CMS-2017-0163-0602-0",168,2,0.0119047619047619
"CMS-2017-0163-0204-0",433,5,0.0115473441108545
"CMS-2017-0163-1093-0",174,2,0.0114942528735632
"CMS-2017-0163-0831-0",88,1,0.0113636363636364
"CMS-2017-0163-0011-0",178,2,0.0112359550561798
"CMS-2017-0163-0975-0",90,1,0.0111111111111111
"CMS-2017-0163-1046-0",90,1,0.0111111111111111
"CMS-2017-0163-0434-0",91,1,0.010989010989011
"CMS-2017-0163-0123-0",92,1,0.0108695652173913
"CMS-2017-0163-0538-0",94,1,0.0106382978723404
"CMS-2017-0163-0243-0",96,1,0.0104166666666667
"CMS-2017-0163-0331-0",96,1,0.0104166666666667
"CMS-2017-0163-0639-0",297,3,0.0101010101010101
"CMS-2017-0163-0022-0",203,2,0.00985221674876847
"CMS-2017-0163-0529-0",102,1,0.00980392156862745
"CMS-2017-0163-0227-0",103,1,0.00970873786407767
"CMS-2017-0163-0042-0",118,1,0.00847457627118644
"CMS-2017-0163-0396-0",128,1,0.0078125
"CMS-2017-0163-0488-0",128,1,0.0078125
"CMS-2017-0163-0893-0",136,1,0.00735294117647059
"CMS-2017-0163-0247-0",147,1,0.00680272108843537
"CMS-2017-0163-0342-0",163,1,0.00613496932515337
"CMS-2017-0163-0090-0",213,1,0.00469483568075117
"CMS-2017-0163-0095-0",349,1,0.00286532951289398
"CMS-2017-0163-0092-0",390,1,0.00256410256410256
"CMS-2017-0163-0017-0",65,0,0
"CMS-2017-0163-0030-0",84,0,0
"CMS-2017-0163-0031-0",16,0,0
"CMS-2017-0163-0033-0",32,0,0
"CMS-2017-0163-0034-0",16,0,0
"CMS-2017-0163-0036-0",81,0,0
"CMS-2017-0163-0047-0",44,0,0
"CMS-2017-0163-0052-0",49,0,0
"CMS-2017-0163-0075-0",176,0,0
"CMS-2017-0163-0080-0",113,0,0
"CMS-2017-0163-0088-0",25,0,0
"CMS-2017-0163-0094-2",1,0,0
"CMS-2017-0163-0108-0",151,0,0
"CMS-2017-0163-0111-0",125,0,0
"CMS-2017-0163-0112-0",37,0,0
"CMS-2017-0163-0114-0",12,0,0
"CMS-2017-0163-0125-0",14,0,0
"CMS-2017-0163-0148-0",40,0,0
"CMS-2017-0163-0154-0",35,0,0
"CMS-2017-0163-0157-0",9,0,0
"CMS-2017-0163-0159-0",72,0,0
"CMS-2017-0163-0177-0",13,0,0
"CMS-2017-0163-0181-0",26,0,0
"CMS-2017-0163-0191-0",253,0,0
"CMS-2017-0163-0196-0",115,0,0
"CMS-2017-0163-0202-0",14,0,0
"CMS-2017-0163-0229-0",8,0,0
"CMS-2017-0163-0231-0",54,0,0
"CMS-2017-0163-0248-0",66,0,0
"CMS-2017-0163-0256-0",67,0,0
"CMS-2017-0163-0259-0",91,0,0
"CMS-2017-0163-0260-0",46,0,0
"CMS-2017-0163-0265-0",9,0,0
"CMS-2017-0163-0274-0",48,0,0
"CMS-2017-0163-0313-0",46,0,0
"CMS-2017-0163-0320-0",24,0,0
"CMS-2017-0163-0323-0",20,0,0
"CMS-2017-0163-0324-0",46,0,0
"CMS-2017-0163-0327-0",31,0,0
"CMS-2017-0163-0339-0",5,0,0
"CMS-2017-0163-0353-0",24,0,0
"CMS-2017-0163-0363-0",110,0,0
"CMS-2017-0163-0367-0",150,0,0
"CMS-2017-0163-0371-0",7,0,0
"CMS-2017-0163-0398-0",2,0,0
"CMS-2017-0163-0403-0",7,0,0
"CMS-2017-0163-0408-0",34,0,0
"CMS-2017-0163-0427-0",5,0,0
"CMS-2017-0163-0429-0",8,0,0
"CMS-2017-0163-0430-0",66,0,0
"CMS-2017-0163-0433-0",28,0,0
"CMS-2017-0163-0456-0",42,0,0
"CMS-2017-0163-0469-0",60,0,0
"CMS-2017-0163-0475-0",38,0,0
"CMS-2017-0163-0478-0",84,0,0
"CMS-2017-0163-0481-0",45,0,0
"CMS-2017-0163-0485-0",8,0,0
"CMS-2017-0163-0490-0",18,0,0
"CMS-2017-0163-0503-0",8,0,0
"CMS-2017-0163-0532-0",7,0,0
"CMS-2017-0163-0552-0",167,0,0
"CMS-2017-0163-0557-0",42,0,0
"CMS-2017-0163-0566-0",18,0,0
"CMS-2017-0163-0572-0",11,0,0
"CMS-2017-0163-0579-0",44,0,0
"CMS-2017-0163-0586-0",4,0,0
"CMS-2017-0163-0623-0",177,0,0
"CMS-2017-0163-0633-0",46,0,0
"CMS-2017-0163-0636-0",342,0,0
"CMS-2017-0163-0650-0",18,0,0
"CMS-2017-0163-0660-0",43,0,0
"CMS-2017-0163-0661-0",41,0,0
"CMS-2017-0163-0667-0",31,0,0
"CMS-2017-0163-0670-0",34,0,0
"CMS-2017-0163-0682-0",31,0,0
"CMS-2017-0163-0684-0",18,0,0
"CMS-2017-0163-0690-0",37,0,0
"CMS-2017-0163-0703-0",15,0,0
"CMS-2017-0163-0710-0",19,0,0
"CMS-2017-0163-0722-0",33,0,0
"CMS-2017-0163-0735-0",210,0,0
"CMS-2017-0163-0758-0",22,0,0
"CMS-2017-0163-0766-0",12,0,0
"CMS-2017-0163-0767-0",71,0,0
"CMS-2017-0163-0785-0",6,0,0
"CMS-2017-0163-0793-0",23,0,0
"CMS-2017-0163-0826-0",4,0,0
"CMS-2017-0163-0830-0",99,0,0
"CMS-2017-0163-0834-0",14,0,0
"CMS-2017-0163-0838-0",28,0,0
"CMS-2017-0163-0840-0",39,0,0
"CMS-2017-0163-0850-1",1,0,0
"CMS-2017-0163-0851-0",107,0,0
"CMS-2017-0163-0853-0",54,0,0
"CMS-2017-0163-0854-0",94,0,0
"CMS-2017-0163-0857-0",20,0,0
"CMS-2017-0163-0870-0",19,0,0
"CMS-2017-0163-0951-0",202,0,0
"CMS-2017-0163-0958-0",128,0,0
"CMS-2017-0163-0959-0",7,0,0
"CMS-2017-0163-0960-0",22,0,0
"CMS-2017-0163-0967-0",8,0,0
"CMS-2017-0163-0994-0",58,0,0
"CMS-2017-0163-0996-0",111,0,0
"CMS-2017-0163-1003-0",85,0,0
"CMS-2017-0163-1011-6",1,0,0
"CMS-2017-0163-1013-0",35,0,0
"CMS-2017-0163-1018-0",30,0,0
"CMS-2017-0163-1024-0",38,0,0
"CMS-2017-0163-1032-0",6,0,0
"CMS-2017-0163-1035-0",54,0,0
"CMS-2017-0163-1039-0",57,0,0
"CMS-2017-0163-1041-0",40,0,0
"CMS-2017-0163-1053-0",59,0,0
"CMS-2017-0163-1054-0",1,0,0
"CMS-2017-0163-1065-0",32,0,0
"CMS-2017-0163-1072-0",7,0,0
"CMS-2017-0163-1080-0",5,0,0
"CMS-2017-0163-1097-0",2,0,0
"CMS-2017-0163-1100-0",8,0,0
"CMS-2017-0163-1105-0",19,0,0
"CMS-2017-0163-1109-0",8,0,0
"CMS-2017-0163-1117-0",9,0,0
"CMS-2017-0163-1137-0",17,0,0
"CMS-2017-0163-1139-0",16,0,0
"CMS-2017-0163-1184-0",4,0,0
"CMS-2017-0163-1192-0",7,0,0
"CMS-2017-0163-1193-0",8,0,0
